id,ph,dissolved_oxygen,electric_conductivity,date,station_point_id
1,5.27,3.87,191.46,2018-07-01 09:56:00,1
2,5.20,3.79,186.07,2018-07-01 09:57:00,1
3,5.39,3.77,184.57,2018-07-01 09:58:00,1
4,5.15,3.92,186.10,2018-07-01 09:59:00,1
5,5.26,3.70,189.15,2018-07-01 10:00:00,1
6,5.45,3.94,191.50,2018-07-01 10:01:00,1
7,5.16,3.83,184.21,2018-07-01 10:02:00,1
8,5.28,4.07,186.12,2018-07-01 10:03:00,1
9,5.12,3.71,184.92,2018-07-01 10:04:00,1
10,5.13,3.98,186.81,2018-07-01 10:05:00,1
11,5.26,3.80,183.92,2018-07-01 10:06:00,1
12,5.10,3.67,188.22,2018-07-01 10:07:00,1
13,5.17,3.78,189.33,2018-07-01 10:08:00,1
14,5.27,3.95,188.09,2018-07-01 10:09:00,1
15,5.39,4.04,185.43,2018-07-01 10:10:00,1
16,5.18,3.95,186.75,2018-07-01 10:11:00,1
17,5.18,3.78,189.30,2018-07-01 10:12:00,1
18,5.39,3.87,191.32,2018-07-01 10:13:00,1
19,5.18,4.01,184.42,2018-07-01 10:14:00,1
20,5.30,3.67,187.80,2018-07-01 10:15:00,1
21,5.17,3.94,189.83,2018-07-01 10:16:00,1
22,5.31,3.96,190.07,2018-07-01 10:17:00,1
23,5.29,4.00,191.66,2018-07-01 10:18:00,1
24,5.37,4.04,189.30,2018-07-01 10:19:00,1
25,5.37,3.84,186.06,2018-07-01 10:20:00,1
26,5.30,3.74,186.76,2018-07-01 10:21:00,1
27,5.37,3.86,187.25,2018-07-01 10:22:00,1
28,5.41,4.06,185.99,2018-07-01 10:23:00,1
29,5.25,3.86,183.97,2018-07-01 10:24:00,1
30,5.42,3.83,184.94,2018-07-01 10:25:00,1
31,5.16,4.04,187.42,2018-07-01 10:26:00,1
32,5.23,3.73,189.21,2018-07-01 10:27:00,1
33,5.21,3.77,191.14,2018-07-01 10:28:00,1
34,5.16,3.89,184.87,2018-07-01 10:29:00,1
35,5.39,4.00,188.58,2018-07-01 10:30:00,1
36,5.38,3.70,191.61,2018-07-01 10:31:00,1
37,5.34,3.99,187.29,2018-07-01 10:32:00,1
38,5.38,4.07,187.22,2018-07-01 10:33:00,1
39,5.43,3.99,187.82,2018-07-01 10:34:00,1
40,5.39,3.73,189.84,2018-07-01 10:35:00,1
41,5.24,4.06,184.37,2018-07-01 10:36:00,1
42,5.15,3.74,189.32,2018-07-01 10:37:00,1
43,5.11,3.79,185.97,2018-07-01 10:38:00,1
44,5.21,3.98,184.08,2018-07-01 10:39:00,1
45,5.24,3.67,186.20,2018-07-01 10:40:00,1
46,5.34,3.94,187.51,2018-07-01 10:41:00,1
47,5.45,3.79,188.86,2018-07-01 10:42:00,1
48,5.22,3.80,191.70,2018-07-01 10:43:00,1
49,5.40,3.73,186.91,2018-07-01 10:44:00,1
50,5.33,3.90,190.84,2018-07-01 10:45:00,1
51,5.17,3.93,184.29,2018-07-01 10:46:00,1
52,5.43,4.03,189.59,2018-07-01 10:47:00,1
53,5.43,3.86,184.88,2018-07-01 10:48:00,1
54,5.24,3.99,189.62,2018-07-01 10:49:00,1
55,5.15,3.70,188.55,2018-07-01 10:50:00,1
56,5.32,4.05,190.95,2018-07-01 10:51:00,1
57,5.15,3.87,184.41,2018-07-01 10:52:00,1
58,5.11,4.05,188.16,2018-07-01 10:53:00,1
59,5.43,3.95,192.09,2018-07-01 10:54:00,1
60,5.26,3.73,185.17,2018-07-01 10:55:00,1
61,5.19,3.85,190.16,2018-07-01 10:56:00,1
62,5.28,4.01,188.85,2018-07-01 10:57:00,1
63,5.29,4.04,189.35,2018-07-01 10:58:00,1
64,5.33,3.97,189.90,2018-07-01 10:59:00,1
65,5.20,3.86,185.51,2018-07-01 11:00:00,1
66,5.34,4.01,189.75,2018-07-01 11:01:00,1
67,5.35,3.75,186.91,2018-07-01 11:02:00,1
68,5.20,3.94,189.75,2018-07-01 11:03:00,1
69,5.41,3.96,185.52,2018-07-01 11:04:00,1
70,5.31,4.01,190.49,2018-07-01 11:05:00,1
71,5.30,3.95,190.75,2018-07-01 11:06:00,1
72,5.37,3.71,188.05,2018-07-01 11:07:00,1
73,5.10,3.96,191.72,2018-07-01 11:08:00,1
74,5.10,3.87,192.19,2018-07-01 11:09:00,1
75,5.34,3.86,184.45,2018-07-01 11:10:00,1
76,5.36,3.97,189.76,2018-07-01 11:11:00,1
77,5.24,3.87,187.63,2018-07-01 11:12:00,1
78,5.38,3.76,192.31,2018-07-01 11:13:00,1
79,5.39,3.71,189.06,2018-07-01 11:14:00,1
80,5.19,3.88,191.95,2018-07-01 11:15:00,1
81,5.12,3.88,189.60,2018-07-01 11:16:00,1
82,5.10,3.66,188.62,2018-07-01 11:17:00,1
83,5.12,4.07,191.38,2018-07-01 11:18:00,1
84,5.32,4.02,189.48,2018-07-01 11:19:00,1
85,5.11,3.96,190.92,2018-07-01 11:20:00,1
86,5.18,3.75,188.32,2018-07-01 11:21:00,1
87,5.13,3.96,187.70,2018-07-01 11:22:00,1
88,5.41,3.93,187.47,2018-07-01 11:23:00,1
89,5.24,4.05,189.14,2018-07-01 11:24:00,1
90,5.18,3.79,184.59,2018-07-01 11:25:00,1
91,5.18,4.07,185.24,2018-07-01 11:26:00,1
92,5.37,3.70,191.79,2018-07-01 11:27:00,1
93,5.11,3.72,187.52,2018-07-01 11:28:00,1
94,5.41,3.68,192.22,2018-07-01 11:29:00,1
95,5.42,3.99,188.87,2018-07-01 11:30:00,1
96,5.20,3.79,192.00,2018-07-01 11:31:00,1
97,5.35,3.72,186.03,2018-07-01 11:32:00,1
98,5.15,3.98,186.21,2018-07-01 11:33:00,1
99,5.24,3.66,183.79,2018-07-01 11:34:00,1
100,5.22,3.95,189.49,2018-07-01 11:35:00,1
101,5.15,3.70,185.64,2018-07-01 11:36:00,1
102,5.21,3.77,184.25,2018-07-01 11:37:00,1
103,5.18,3.68,187.82,2018-07-01 11:38:00,1
104,5.27,4.01,185.03,2018-07-01 11:39:00,1
105,5.27,3.87,190.51,2018-07-01 11:40:00,1
106,5.28,3.96,184.25,2018-07-01 11:41:00,1
107,5.27,3.76,192.30,2018-07-01 11:42:00,1
108,5.18,3.67,186.75,2018-07-01 11:43:00,1
109,5.33,3.97,189.98,2018-07-01 11:44:00,1
110,5.22,3.86,192.26,2018-07-01 11:45:00,1
111,5.21,4.00,189.66,2018-07-01 11:46:00,1
112,5.44,3.85,188.56,2018-07-01 11:47:00,1
113,5.34,3.76,189.05,2018-07-01 11:48:00,1
114,5.29,4.01,187.54,2018-07-01 11:49:00,1
115,5.16,3.87,186.81,2018-07-01 11:50:00,1
116,5.28,3.98,184.82,2018-07-01 11:51:00,1
117,5.22,3.88,189.00,2018-07-01 11:52:00,1
118,5.34,3.67,186.65,2018-07-01 11:53:00,1
119,5.31,3.84,192.21,2018-07-01 11:54:00,1
120,5.22,3.75,184.22,2018-07-01 11:55:00,1
121,5.15,3.81,189.45,2018-07-01 11:56:00,1
122,5.16,3.97,191.22,2018-07-01 11:57:00,1
123,5.22,3.81,191.94,2018-07-01 11:58:00,1
124,5.19,3.67,192.29,2018-07-01 11:59:00,1
125,5.21,4.02,185.64,2018-07-01 12:00:00,1
126,5.20,3.95,186.45,2018-07-01 12:01:00,1
127,5.37,3.69,190.37,2018-07-01 12:02:00,1
128,5.20,4.01,190.58,2018-07-01 12:03:00,1
129,5.27,3.74,191.69,2018-07-01 12:04:00,1
130,5.13,3.69,189.50,2018-07-01 12:05:00,1
131,5.09,4.01,189.66,2018-07-01 12:06:00,1
132,5.13,3.72,188.34,2018-07-01 12:07:00,1
133,5.09,3.76,189.51,2018-07-01 12:08:00,1
134,5.37,3.84,189.30,2018-07-01 12:09:00,1
135,5.42,3.71,191.22,2018-07-01 12:10:00,1
136,5.27,3.91,183.77,2018-07-01 12:11:00,1
137,5.34,3.88,185.54,2018-07-01 12:12:00,1
138,5.12,3.74,190.63,2018-07-01 12:13:00,1
139,5.26,3.87,188.25,2018-07-01 12:14:00,1
140,10.24,3.04,898.53,2018-07-01 09:56:00,2
141,10.33,3.21,899.08,2018-07-01 09:57:00,2
142,10.42,2.90,893.04,2018-07-01 09:58:00,2
143,10.20,3.25,919.52,2018-07-01 09:59:00,2
144,10.20,3.14,892.20,2018-07-01 10:00:00,2
145,10.17,3.00,907.32,2018-07-01 10:01:00,2
146,10.46,2.93,909.41,2018-07-01 10:02:00,2
147,10.53,2.95,909.94,2018-07-01 10:03:00,2
148,10.23,3.05,914.59,2018-07-01 10:04:00,2
149,10.24,3.09,891.94,2018-07-01 10:05:00,2
150,10.20,3.42,917.48,2018-07-01 10:06:00,2
151,10.42,2.93,920.15,2018-07-01 10:07:00,2
152,10.43,3.32,913.88,2018-07-01 10:08:00,2
153,10.26,3.29,900.47,2018-07-01 10:09:00,2
154,10.28,2.94,920.42,2018-07-01 10:10:00,2
155,10.31,3.01,922.99,2018-07-01 10:11:00,2
156,10.25,2.90,920.93,2018-07-01 10:12:00,2
157,10.41,2.90,922.83,2018-07-01 10:13:00,2
158,10.50,2.99,907.45,2018-07-01 10:14:00,2
159,10.20,3.35,905.28,2018-07-01 10:15:00,2
160,10.21,3.01,911.61,2018-07-01 10:16:00,2
161,10.28,3.00,909.23,2018-07-01 10:17:00,2
162,10.35,3.23,903.90,2018-07-01 10:18:00,2
163,10.43,3.04,910.48,2018-07-01 10:19:00,2
164,10.41,3.27,916.49,2018-07-01 10:20:00,2
165,10.34,2.95,902.51,2018-07-01 10:21:00,2
166,10.30,3.18,902.84,2018-07-01 10:22:00,2
167,10.44,3.18,906.30,2018-07-01 10:23:00,2
168,10.34,2.97,899.28,2018-07-01 10:24:00,2
169,10.36,3.28,900.23,2018-07-01 10:25:00,2
170,10.54,3.02,891.21,2018-07-01 10:26:00,2
171,10.36,3.03,899.86,2018-07-01 10:27:00,2
172,10.33,2.89,921.73,2018-07-01 10:28:00,2
173,10.32,3.23,897.10,2018-07-01 10:29:00,2
174,10.13,3.13,899.55,2018-07-01 10:30:00,2
175,10.47,3.40,923.47,2018-07-01 10:31:00,2
176,10.35,3.37,891.39,2018-07-01 10:32:00,2
177,10.17,3.11,922.95,2018-07-01 10:33:00,2
178,10.47,2.97,899.35,2018-07-01 10:34:00,2
179,10.18,3.04,913.11,2018-07-01 10:35:00,2
180,10.15,3.42,909.71,2018-07-01 10:36:00,2
181,10.17,3.37,906.83,2018-07-01 10:37:00,2
182,10.29,3.23,903.76,2018-07-01 10:38:00,2
183,10.30,3.00,907.69,2018-07-01 10:39:00,2
184,10.29,3.25,920.69,2018-07-01 10:40:00,2
185,10.47,3.42,891.08,2018-07-01 10:41:00,2
186,10.54,2.94,903.34,2018-07-01 10:42:00,2
187,10.36,3.39,897.65,2018-07-01 10:43:00,2
188,10.38,3.04,920.22,2018-07-01 10:44:00,2
189,10.22,3.15,904.95,2018-07-01 10:45:00,2
190,10.11,3.15,906.97,2018-07-01 10:46:00,2
191,10.52,2.93,902.38,2018-07-01 10:47:00,2
192,10.53,3.09,890.70,2018-07-01 10:48:00,2
193,10.39,3.17,893.71,2018-07-01 10:49:00,2
194,10.37,2.88,916.40,2018-07-01 10:50:00,2
195,10.43,2.95,922.96,2018-07-01 10:51:00,2
196,10.45,3.09,905.22,2018-07-01 10:52:00,2
197,10.42,3.43,898.58,2018-07-01 10:53:00,2
198,10.25,3.04,899.94,2018-07-01 10:54:00,2
199,10.24,3.07,917.28,2018-07-01 10:55:00,2
200,10.38,3.07,891.64,2018-07-01 10:56:00,2
201,10.17,3.04,915.92,2018-07-01 10:57:00,2
202,10.48,3.38,915.48,2018-07-01 10:58:00,2
203,10.26,3.16,897.00,2018-07-01 10:59:00,2
204,10.47,2.97,899.17,2018-07-01 11:00:00,2
205,10.42,2.91,918.09,2018-07-01 11:01:00,2
206,10.13,3.12,894.96,2018-07-01 11:02:00,2
207,10.34,3.41,908.25,2018-07-01 11:03:00,2
208,10.29,3.24,899.61,2018-07-01 11:04:00,2
209,10.43,2.91,896.73,2018-07-01 11:05:00,2
210,10.43,3.10,901.05,2018-07-01 11:06:00,2
211,10.23,3.18,899.31,2018-07-01 11:07:00,2
212,10.46,3.42,895.80,2018-07-01 11:08:00,2
213,10.30,3.16,895.52,2018-07-01 11:09:00,2
214,10.33,3.26,899.17,2018-07-01 11:10:00,2
215,10.50,3.10,920.94,2018-07-01 11:11:00,2
216,10.11,2.89,890.29,2018-07-01 11:12:00,2
217,10.52,3.01,896.93,2018-07-01 11:13:00,2
218,10.38,3.11,898.78,2018-07-01 11:14:00,2
219,10.15,2.91,906.13,2018-07-01 11:15:00,2
220,10.54,3.20,896.90,2018-07-01 11:16:00,2
221,10.13,3.30,913.19,2018-07-01 11:17:00,2
222,10.28,3.21,893.84,2018-07-01 11:18:00,2
223,10.14,2.93,900.67,2018-07-01 11:19:00,2
224,10.52,3.13,889.97,2018-07-01 11:20:00,2
225,10.29,3.41,913.25,2018-07-01 11:21:00,2
226,10.32,3.02,914.30,2018-07-01 11:22:00,2
227,10.52,2.91,901.23,2018-07-01 11:23:00,2
228,10.22,3.36,902.94,2018-07-01 11:24:00,2
229,10.28,3.06,898.36,2018-07-01 11:25:00,2
230,10.13,3.18,905.85,2018-07-01 11:26:00,2
231,10.27,2.94,892.50,2018-07-01 11:27:00,2
232,10.32,3.19,919.94,2018-07-01 11:28:00,2
233,10.49,2.87,897.94,2018-07-01 11:29:00,2
234,10.52,3.23,907.52,2018-07-01 11:30:00,2
235,10.48,3.14,891.27,2018-07-01 11:31:00,2
236,10.45,3.42,916.92,2018-07-01 11:32:00,2
237,10.34,3.24,902.02,2018-07-01 11:33:00,2
238,10.49,3.19,893.46,2018-07-01 11:34:00,2
239,10.47,3.15,899.80,2018-07-01 11:35:00,2
240,10.12,3.18,907.46,2018-07-01 11:36:00,2
241,10.48,2.98,902.60,2018-07-01 11:37:00,2
242,10.16,3.03,916.64,2018-07-01 11:38:00,2
243,10.26,3.10,903.05,2018-07-01 11:39:00,2
244,10.12,3.35,908.94,2018-07-01 11:40:00,2
245,10.24,3.07,907.39,2018-07-01 11:41:00,2
246,10.51,2.89,891.24,2018-07-01 11:42:00,2
247,10.34,3.28,892.61,2018-07-01 11:43:00,2
248,10.53,3.23,905.43,2018-07-01 11:44:00,2
249,10.43,3.14,919.36,2018-07-01 11:45:00,2
250,10.13,3.00,897.30,2018-07-01 11:46:00,2
251,10.40,2.89,920.18,2018-07-01 11:47:00,2
252,10.53,3.35,905.47,2018-07-01 11:48:00,2
253,10.25,3.07,899.87,2018-07-01 11:49:00,2
254,10.28,3.18,888.68,2018-07-01 11:50:00,2
255,10.26,3.23,908.52,2018-07-01 11:51:00,2
256,10.37,3.17,918.93,2018-07-01 11:52:00,2
257,10.21,3.27,909.21,2018-07-01 11:53:00,2
258,10.21,3.30,917.11,2018-07-01 11:54:00,2
259,10.46,2.95,893.63,2018-07-01 11:55:00,2
260,10.56,3.25,891.90,2018-07-01 11:56:00,2
261,10.53,3.14,914.16,2018-07-01 11:57:00,2
262,10.20,3.18,918.42,2018-07-01 11:58:00,2
263,10.50,2.92,894.40,2018-07-01 11:59:00,2
264,10.51,2.87,898.39,2018-07-01 12:00:00,2
265,10.20,2.88,904.81,2018-07-01 12:01:00,2
266,10.14,3.18,911.15,2018-07-01 12:02:00,2
267,10.20,3.33,917.76,2018-07-01 12:03:00,2
268,10.14,3.14,890.97,2018-07-01 12:04:00,2
269,10.32,2.99,891.82,2018-07-01 12:05:00,2
270,10.42,2.90,895.35,2018-07-01 12:06:00,2
271,10.34,3.11,923.47,2018-07-01 12:07:00,2
272,10.28,2.92,914.70,2018-07-01 12:08:00,2
273,10.51,3.15,893.29,2018-07-01 12:09:00,2
274,10.41,3.33,899.44,2018-07-01 12:10:00,2
275,10.47,3.17,920.89,2018-07-01 12:11:00,2
276,10.17,3.33,890.50,2018-07-01 12:12:00,2
277,10.35,3.26,912.73,2018-07-01 12:13:00,2
278,10.34,3.12,905.22,2018-07-01 12:14:00,2
279,5.36,3.45,915.42,2018-07-01 09:56:00,3
280,5.45,3.76,944.81,2018-07-01 09:57:00,3
281,5.54,3.52,908.51,2018-07-01 09:58:00,3
282,5.32,3.62,922.67,2018-07-01 09:59:00,3
283,5.32,3.34,942.56,2018-07-01 10:00:00,3
284,5.29,3.15,951.78,2018-07-01 10:01:00,3
285,5.58,3.71,937.04,2018-07-01 10:02:00,3
286,5.65,3.45,917.60,2018-07-01 10:03:00,3
287,5.35,3.19,907.59,2018-07-01 10:04:00,3
288,5.36,3.64,917.59,2018-07-01 10:05:00,3
289,5.32,3.74,904.68,2018-07-01 10:06:00,3
290,5.54,3.67,931.12,2018-07-01 10:07:00,3
291,5.55,3.77,946.23,2018-07-01 10:08:00,3
292,5.38,3.31,938.60,2018-07-01 10:09:00,3
293,5.40,3.36,906.16,2018-07-01 10:10:00,3
294,5.43,3.25,924.47,2018-07-01 10:11:00,3
295,5.37,3.55,914.89,2018-07-01 10:12:00,3
296,5.53,3.14,923.96,2018-07-01 10:13:00,3
297,5.62,3.64,918.01,2018-07-01 10:14:00,3
298,5.32,3.46,945.70,2018-07-01 10:15:00,3
299,5.33,3.82,903.52,2018-07-01 10:16:00,3
300,5.40,3.26,918.71,2018-07-01 10:17:00,3
301,5.47,3.24,904.50,2018-07-01 10:18:00,3
302,5.55,3.56,915.54,2018-07-01 10:19:00,3
303,5.53,3.45,936.17,2018-07-01 10:20:00,3
304,5.46,3.63,914.12,2018-07-01 10:21:00,3
305,5.42,3.76,909.62,2018-07-01 10:22:00,3
306,5.56,3.24,915.97,2018-07-01 10:23:00,3
307,5.46,3.64,925.27,2018-07-01 10:24:00,3
308,5.48,3.68,949.06,2018-07-01 10:25:00,3
309,5.66,3.50,929.95,2018-07-01 10:26:00,3
310,5.48,3.18,940.33,2018-07-01 10:27:00,3
311,5.45,3.48,937.68,2018-07-01 10:28:00,3
312,5.44,3.77,924.34,2018-07-01 10:29:00,3
313,5.25,3.67,941.24,2018-07-01 10:30:00,3
314,5.59,3.55,906.79,2018-07-01 10:31:00,3
315,5.47,3.69,934.12,2018-07-01 10:32:00,3
316,5.29,3.40,907.83,2018-07-01 10:33:00,3
317,5.59,3.61,932.24,2018-07-01 10:34:00,3
318,5.30,3.54,946.64,2018-07-01 10:35:00,3
319,5.27,3.52,909.71,2018-07-01 10:36:00,3
320,5.29,3.69,909.18,2018-07-01 10:37:00,3
321,5.41,3.68,905.38,2018-07-01 10:38:00,3
322,5.42,3.77,952.44,2018-07-01 10:39:00,3
323,5.41,3.81,925.31,2018-07-01 10:40:00,3
324,5.59,3.18,932.44,2018-07-01 10:41:00,3
325,5.66,3.49,944.18,2018-07-01 10:42:00,3
326,5.48,3.26,948.34,2018-07-01 10:43:00,3
327,5.50,3.67,934.74,2018-07-01 10:44:00,3
328,5.34,3.60,916.40,2018-07-01 10:45:00,3
329,5.23,3.17,951.49,2018-07-01 10:46:00,3
330,5.64,3.25,944.16,2018-07-01 10:47:00,3
331,5.65,3.63,922.36,2018-07-01 10:48:00,3
332,5.51,3.79,932.30,2018-07-01 10:49:00,3
333,5.49,3.82,918.54,2018-07-01 10:50:00,3
334,5.55,3.58,945.70,2018-07-01 10:51:00,3
335,5.57,3.72,941.90,2018-07-01 10:52:00,3
336,5.54,3.58,924.02,2018-07-01 10:53:00,3
337,5.37,3.54,943.40,2018-07-01 10:54:00,3
338,5.36,3.78,948.89,2018-07-01 10:55:00,3
339,5.50,3.41,934.74,2018-07-01 10:56:00,3
340,5.29,3.72,941.33,2018-07-01 10:57:00,3
341,5.60,3.46,922.70,2018-07-01 10:58:00,3
342,5.38,3.12,927.13,2018-07-01 10:59:00,3
343,5.59,3.70,904.75,2018-07-01 11:00:00,3
344,5.54,3.54,912.45,2018-07-01 11:01:00,3
345,5.25,3.32,908.26,2018-07-01 11:02:00,3
346,5.46,3.30,916.59,2018-07-01 11:03:00,3
347,5.41,3.54,949.20,2018-07-01 11:04:00,3
348,5.55,3.61,917.29,2018-07-01 11:05:00,3
349,5.55,3.23,940.15,2018-07-01 11:06:00,3
350,5.35,3.41,913.59,2018-07-01 11:07:00,3
351,5.58,3.69,909.66,2018-07-01 11:08:00,3
352,5.42,3.31,949.06,2018-07-01 11:09:00,3
353,5.45,3.78,945.98,2018-07-01 11:10:00,3
354,5.62,3.16,944.39,2018-07-01 11:11:00,3
355,5.23,3.55,949.27,2018-07-01 11:12:00,3
356,5.64,3.59,932.20,2018-07-01 11:13:00,3
357,5.50,3.34,920.63,2018-07-01 11:14:00,3
358,5.27,3.81,916.67,2018-07-01 11:15:00,3
359,5.66,3.70,939.28,2018-07-01 11:16:00,3
360,5.25,3.71,922.91,2018-07-01 11:17:00,3
361,5.40,3.57,944.29,2018-07-01 11:18:00,3
362,5.26,3.71,945.82,2018-07-01 11:19:00,3
363,5.64,3.38,937.46,2018-07-01 11:20:00,3
364,5.41,3.80,905.01,2018-07-01 11:21:00,3
365,5.44,3.64,904.96,2018-07-01 11:22:00,3
366,5.64,3.41,926.88,2018-07-01 11:23:00,3
367,5.34,3.17,949.20,2018-07-01 11:24:00,3
368,5.40,3.15,924.03,2018-07-01 11:25:00,3
369,5.25,3.78,938.13,2018-07-01 11:26:00,3
370,5.39,3.18,908.24,2018-07-01 11:27:00,3
371,5.44,3.32,916.79,2018-07-01 11:28:00,3
372,5.61,3.73,944.74,2018-07-01 11:29:00,3
373,5.64,3.36,941.40,2018-07-01 11:30:00,3
374,5.60,3.71,915.02,2018-07-01 11:31:00,3
375,5.57,3.14,917.44,2018-07-01 11:32:00,3
376,5.46,3.24,914.63,2018-07-01 11:33:00,3
377,5.61,3.21,943.57,2018-07-01 11:34:00,3
378,5.59,3.50,938.62,2018-07-01 11:35:00,3
379,5.24,3.74,938.10,2018-07-01 11:36:00,3
380,5.60,3.63,924.41,2018-07-01 11:37:00,3
381,5.28,3.34,922.42,2018-07-01 11:38:00,3
382,5.38,3.68,938.64,2018-07-01 11:39:00,3
383,5.24,3.17,921.20,2018-07-01 11:40:00,3
384,5.36,3.35,949.48,2018-07-01 11:41:00,3
385,5.63,3.19,925.40,2018-07-01 11:42:00,3
386,5.46,3.16,925.99,2018-07-01 11:43:00,3
387,5.65,3.24,920.12,2018-07-01 11:44:00,3
388,5.55,3.79,906.81,2018-07-01 11:45:00,3
389,5.25,3.74,943.02,2018-07-01 11:46:00,3
390,5.52,3.22,935.30,2018-07-01 11:47:00,3
391,5.65,3.27,911.07,2018-07-01 11:48:00,3
392,5.37,3.20,927.18,2018-07-01 11:49:00,3
393,5.40,3.77,927.01,2018-07-01 11:50:00,3
394,5.38,3.73,907.13,2018-07-01 11:51:00,3
395,5.49,3.20,946.35,2018-07-01 11:52:00,3
396,5.33,3.76,910.73,2018-07-01 11:53:00,3
397,5.33,3.63,951.01,2018-07-01 11:54:00,3
398,5.58,3.39,948.90,2018-07-01 11:55:00,3
399,5.68,3.28,946.56,2018-07-01 11:56:00,3
400,5.65,3.82,944.68,2018-07-01 11:57:00,3
401,5.32,3.39,943.00,2018-07-01 11:58:00,3
402,5.62,3.54,935.53,2018-07-01 11:59:00,3
403,5.63,3.81,952.07,2018-07-01 12:00:00,3
404,5.32,3.54,911.81,2018-07-01 12:01:00,3
405,5.26,3.76,922.30,2018-07-01 12:02:00,3
406,5.32,3.25,905.48,2018-07-01 12:03:00,3
407,5.26,3.81,949.69,2018-07-01 12:04:00,3
408,5.44,3.36,931.28,2018-07-01 12:05:00,3
409,5.54,3.33,915.52,2018-07-01 12:06:00,3
410,5.46,3.27,929.29,2018-07-01 12:07:00,3
411,5.40,3.37,917.85,2018-07-01 12:08:00,3
412,5.63,3.64,928.24,2018-07-01 12:09:00,3
413,5.53,3.37,932.97,2018-07-01 12:10:00,3
414,5.59,3.50,928.50,2018-07-01 12:11:00,3
415,5.29,3.21,904.19,2018-07-01 12:12:00,3
416,5.47,3.12,926.84,2018-07-01 12:13:00,3
417,5.61,6.94,104.89,2018-08-01 10:36:00,1
418,5.57,6.93,112.62,2018-08-01 10:37:00,1
419,5.56,6.93,131.14,2018-08-01 10:38:00,1
420,5.56,6.93,100.23,2018-08-01 10:39:00,1
421,5.56,6.94,131.18,2018-08-01 10:40:00,1
422,5.56,7.22,128.96,2018-08-01 10:41:00,1
423,5.63,6.42,133.68,2018-08-01 10:42:00,1
424,5.60,6.40,122.71,2018-08-01 10:43:00,1
425,5.60,6.38,102.82,2018-08-01 10:44:00,1
426,5.56,6.38,137.65,2018-08-01 10:45:00,1
427,5.52,6.38,103.66,2018-08-01 10:46:00,1
428,5.53,6.39,138.02,2018-08-01 10:47:00,1
429,5.52,6.37,114.22,2018-08-01 10:48:00,1
430,5.52,6.38,106.20,2018-08-01 10:49:00,1
431,5.53,6.38,109.36,2018-08-01 10:50:00,1
432,5.52,6.39,101.13,2018-08-01 10:51:00,1
433,5.63,6.39,117.06,2018-08-01 10:52:00,1
434,5.56,6.38,116.32,2018-08-01 10:53:00,1
435,5.53,6.16,146.42,2018-08-01 10:54:00,1
436,5.51,6.16,112.46,2018-08-01 10:55:00,1
437,5.57,6.42,110.71,2018-08-01 10:56:00,1
438,6.01,6.49,135.71,2018-08-01 10:57:00,1
439,5.55,6.47,124.31,2018-08-01 10:58:00,1
440,4.98,2.87,140.61,2018-08-01 10:59:00,1
441,4.99,2.88,148.54,2018-08-01 11:00:00,1
442,5.15,3.04,127.50,2018-08-01 11:01:00,1
443,5.18,3.07,145.56,2018-08-01 11:02:00,1
444,5.37,3.26,105.39,2018-08-01 11:03:00,1
445,5.36,3.25,116.24,2018-08-01 11:04:00,1
446,5.40,3.29,143.10,2018-08-01 11:05:00,1
447,5.58,3.47,143.81,2018-08-01 11:06:00,1
448,5.60,3.49,141.13,2018-08-01 11:07:00,1
449,5.60,3.49,129.92,2018-08-01 11:08:00,1
450,5.59,3.48,126.01,2018-08-01 11:09:00,1
451,5.59,3.48,131.65,2018-08-01 11:10:00,1
452,5.58,3.47,100.67,2018-08-01 11:11:00,1
453,5.58,3.47,141.67,2018-08-01 11:12:00,1
454,5.58,3.47,126.12,2018-08-01 11:13:00,1
455,5.57,3.46,122.87,2018-08-01 11:14:00,1
456,5.57,3.46,137.72,2018-08-01 11:15:00,1
457,5.57,3.46,119.32,2018-08-01 11:16:00,1
458,5.56,3.53,103.77,2018-08-01 11:17:00,1
459,5.56,3.53,120.08,2018-08-01 11:18:00,1
460,5.56,3.53,112.36,2018-08-01 11:19:00,1
461,5.55,3.52,114.25,2018-08-01 11:20:00,1
462,5.55,3.52,132.57,2018-08-01 11:21:00,1
463,5.55,3.52,138.50,2018-08-01 11:22:00,1
464,5.54,3.51,114.04,2018-08-01 11:23:00,1
465,5.54,3.51,102.85,2018-08-01 11:24:00,1
466,5.54,3.51,143.59,2018-08-01 11:25:00,1
467,5.54,3.51,141.00,2018-08-01 11:26:00,1
468,5.53,3.50,140.93,2018-08-01 11:27:00,1
469,5.53,3.50,128.79,2018-08-01 11:28:00,1
470,5.52,3.49,107.47,2018-08-01 11:29:00,1
471,5.52,3.49,146.53,2018-08-01 11:30:00,1
472,5.52,3.49,120.89,2018-08-01 11:31:00,1
473,5.51,3.48,106.17,2018-08-01 11:32:00,1
474,5.51,3.48,128.79,2018-08-01 11:33:00,1
475,5.50,3.47,122.56,2018-08-01 11:34:00,1
476,5.50,3.47,113.56,2018-08-01 11:35:00,1
477,5.50,3.47,118.61,2018-08-01 11:36:00,1
478,5.50,3.47,116.93,2018-08-01 11:37:00,1
479,5.50,3.47,131.81,2018-08-01 11:38:00,1
480,5.49,3.46,131.40,2018-08-01 11:39:00,1
481,5.49,3.46,105.40,2018-08-01 11:40:00,1
482,5.48,3.45,111.76,2018-08-01 11:41:00,1
483,5.49,3.46,108.24,2018-08-01 11:42:00,1
484,5.48,3.45,105.56,2018-08-01 11:43:00,1
485,5.48,3.45,114.18,2018-08-01 11:44:00,1
486,5.47,3.44,102.58,2018-08-01 11:45:00,1
487,5.47,3.44,141.89,2018-08-01 11:46:00,1
488,5.47,3.44,104.82,2018-08-01 11:47:00,1
489,5.46,3.43,143.78,2018-08-01 11:48:00,1
490,5.47,3.44,121.88,2018-08-01 11:49:00,1
491,5.46,3.43,121.60,2018-08-01 11:50:00,1
492,5.46,3.43,135.15,2018-08-01 11:51:00,1
493,5.46,3.43,128.49,2018-08-01 11:52:00,1
494,5.45,3.42,147.52,2018-08-01 11:53:00,1
495,5.45,3.42,135.67,2018-08-01 11:54:00,1
496,5.45,3.42,133.33,2018-08-01 11:55:00,1
497,5.46,3.43,127.71,2018-08-01 11:56:00,1
498,5.45,3.42,128.13,2018-08-01 11:57:00,1
499,5.45,3.42,131.52,2018-08-01 11:58:00,1
500,5.44,3.41,124.85,2018-08-01 11:59:00,1
501,5.43,3.40,145.34,2018-08-01 12:00:00,1
502,5.44,3.41,121.65,2018-08-01 12:01:00,1
503,5.45,3.42,120.80,2018-08-01 12:02:00,1
504,5.51,3.48,102.73,2018-08-01 12:03:00,1
505,5.51,3.48,128.09,2018-08-01 12:04:00,1
506,5.51,4.46,113.64,2018-08-01 12:05:00,1
507,5.52,4.48,130.96,2018-08-01 12:06:00,1
508,5.51,4.50,118.05,2018-08-01 12:07:00,1
509,5.55,4.52,114.98,2018-08-01 12:08:00,1
510,5.56,4.56,139.61,2018-08-01 12:09:00,1
511,5.59,4.60,121.68,2018-08-01 12:10:00,1
512,5.61,4.63,101.36,2018-08-01 12:11:00,1
513,5.63,4.66,118.90,2018-08-01 12:12:00,1
514,5.57,4.68,148.84,2018-08-01 12:13:00,1
515,5.59,4.70,149.23,2018-08-01 12:14:00,1
516,5.66,4.71,132.81,2018-08-01 12:15:00,1
517,6.18,4.73,145.78,2018-08-01 12:16:00,1
518,6.70,4.73,105.64,2018-08-01 12:17:00,1
519,6.85,4.74,136.50,2018-08-01 12:18:00,1
520,6.98,4.75,141.94,2018-08-01 12:19:00,1
521,6.29,4.75,115.93,2018-08-01 12:20:00,1
522,6.39,4.76,120.81,2018-08-01 12:21:00,1
523,6.42,4.76,139.95,2018-08-01 12:22:00,1
524,6.40,4.76,123.36,2018-08-01 12:23:00,1
525,6.25,4.78,119.19,2018-08-01 12:24:00,1
526,6.18,4.77,135.72,2018-08-01 12:25:00,1
527,6.14,4.77,147.45,2018-08-01 12:26:00,1
528,6.12,4.78,119.83,2018-08-01 12:27:00,1
529,6.10,4.78,134.13,2018-08-01 12:28:00,1
530,6.09,4.77,146.61,2018-08-01 12:29:00,1
531,6.04,4.77,126.89,2018-08-01 12:30:00,1
532,6.05,4.77,132.54,2018-08-01 12:31:00,1
533,6.05,4.77,116.08,2018-08-01 12:32:00,1
534,6.05,4.77,118.38,2018-08-01 12:33:00,1
535,6.07,4.76,119.87,2018-08-01 12:34:00,1
536,6.06,4.77,129.65,2018-08-01 12:35:00,1
537,6.06,4.76,113.44,2018-08-01 12:36:00,1
538,6.06,4.76,102.74,2018-08-01 12:37:00,1
539,6.05,4.76,138.42,2018-08-01 12:38:00,1
540,6.04,4.76,125.82,2018-08-01 12:39:00,1
541,6.03,4.76,125.95,2018-08-01 12:40:00,1
542,6.15,4.75,140.87,2018-08-01 12:41:00,1
543,6.12,4.75,133.55,2018-08-01 12:42:00,1
544,6.09,4.74,116.01,2018-08-01 12:43:00,1
545,6.08,4.73,108.61,2018-08-01 12:44:00,1
546,6.05,4.73,126.59,2018-08-01 12:45:00,1
547,6.08,4.73,117.69,2018-08-01 12:46:00,1
548,6.12,4.72,114.58,2018-08-01 12:47:00,1
549,6.12,4.71,102.46,2018-08-01 12:48:00,1
550,6.11,4.74,106.39,2018-08-01 12:49:00,1
551,6.02,4.72,132.82,2018-08-01 12:50:00,1
552,6.99,4.90,106.18,2018-08-01 12:51:00,1
553,6.97,4.68,135.96,2018-08-01 12:52:00,1
554,6.97,4.74,121.94,2018-08-01 12:53:00,1
555,9.11,5.72,789.35,2018-08-01 10:36:00,2
556,9.10,5.72,786.25,2018-08-01 10:37:00,2
557,9.10,5.72,800.50,2018-08-01 10:38:00,2
558,9.10,5.71,723.39,2018-08-01 10:39:00,2
559,9.11,5.71,811.92,2018-08-01 10:40:00,2
560,9.10,5.71,811.59,2018-08-01 10:41:00,2
561,8.30,5.70,747.10,2018-08-01 10:42:00,2
562,8.28,5.70,773.08,2018-08-01 10:43:00,2
563,8.26,5.70,754.94,2018-08-01 10:44:00,2
564,8.26,5.70,812.89,2018-08-01 10:45:00,2
565,8.26,5.69,793.54,2018-08-01 10:46:00,2
566,8.27,5.69,791.60,2018-08-01 10:47:00,2
567,8.25,5.68,751.55,2018-08-01 10:48:00,2
568,8.26,5.68,799.39,2018-08-01 10:49:00,2
569,8.26,5.69,830.99,2018-08-01 10:50:00,2
570,8.27,5.68,810.21,2018-08-01 10:51:00,2
571,8.27,5.68,754.56,2018-08-01 10:52:00,2
572,8.26,5.67,778.33,2018-08-01 10:53:00,2
573,8.27,5.67,796.78,2018-08-01 10:54:00,2
574,8.27,5.56,788.22,2018-08-01 10:55:00,2
575,8.53,5.54,717.35,2018-08-01 10:56:00,2
576,8.60,5.52,791.57,2018-08-01 10:57:00,2
577,8.58,5.54,739.30,2018-08-01 10:58:00,2
578,8.74,5.55,746.13,2018-08-01 10:59:00,2
579,8.66,5.67,762.34,2018-08-01 11:00:00,2
580,8.66,5.67,816.26,2018-08-01 11:01:00,2
581,8.71,6.07,778.26,2018-08-01 11:02:00,2
582,8.69,6.08,765.93,2018-08-01 11:03:00,2
583,8.67,6.12,775.29,2018-08-01 11:04:00,2
584,8.69,6.07,830.76,2018-08-01 11:05:00,2
585,8.69,6.05,730.74,2018-08-01 11:06:00,2
586,8.72,6.00,776.22,2018-08-01 11:07:00,2
587,8.73,6.02,804.34,2018-08-01 11:08:00,2
588,8.76,6.01,816.71,2018-08-01 11:09:00,2
589,8.72,5.99,798.88,2018-08-01 11:10:00,2
590,8.71,5.97,756.27,2018-08-01 11:11:00,2
591,8.70,5.96,795.72,2018-08-01 11:12:00,2
592,8.64,5.95,830.03,2018-08-01 11:13:00,2
593,8.66,5.92,800.54,2018-08-01 11:14:00,2
594,8.67,5.89,810.19,2018-08-01 11:15:00,2
595,8.68,5.87,789.83,2018-08-01 11:16:00,2
596,8.68,5.87,818.37,2018-08-01 11:17:00,2
597,8.72,5.87,743.60,2018-08-01 11:18:00,2
598,9.36,5.89,717.05,2018-08-01 11:19:00,2
599,9.37,5.86,823.85,2018-08-01 11:20:00,2
600,9.41,5.85,796.52,2018-08-01 11:21:00,2
601,9.36,5.82,806.96,2018-08-01 11:22:00,2
602,9.34,5.82,821.19,2018-08-01 11:23:00,2
603,9.29,5.83,789.44,2018-08-01 11:24:00,2
604,9.31,5.94,792.74,2018-08-01 11:25:00,2
605,9.30,5.88,797.80,2018-08-01 11:26:00,2
606,9.28,5.82,718.12,2018-08-01 11:27:00,2
607,9.26,5.79,752.26,2018-08-01 11:28:00,2
608,9.25,5.79,819.22,2018-08-01 11:29:00,2
609,9.24,5.79,713.27,2018-08-01 11:30:00,2
610,9.21,5.78,778.18,2018-08-01 11:31:00,2
611,9.18,5.75,764.01,2018-08-01 11:32:00,2
612,9.16,5.73,829.85,2018-08-01 11:33:00,2
613,9.16,5.73,808.60,2018-08-01 11:34:00,2
614,9.16,5.75,801.83,2018-08-01 11:35:00,2
615,9.18,5.75,768.76,2018-08-01 11:36:00,2
616,9.15,5.72,737.67,2018-08-01 11:37:00,2
617,9.14,5.72,774.18,2018-08-01 11:38:00,2
618,9.11,5.72,714.66,2018-08-01 11:39:00,2
619,9.11,5.71,731.22,2018-08-01 11:40:00,2
620,9.12,5.70,771.72,2018-08-01 11:41:00,2
621,9.23,5.69,777.28,2018-08-01 11:42:00,2
622,9.17,5.68,821.12,2018-08-01 11:43:00,2
623,9.11,5.67,814.01,2018-08-01 11:44:00,2
624,9.08,5.69,818.41,2018-08-01 11:45:00,2
625,9.08,5.68,799.43,2018-08-01 11:46:00,2
626,9.08,5.65,775.15,2018-08-01 11:47:00,2
627,9.07,5.66,828.61,2018-08-01 11:48:00,2
628,9.04,5.66,819.33,2018-08-01 11:49:00,2
629,9.02,5.67,833.09,2018-08-01 11:50:00,2
630,9.02,5.61,715.20,2018-08-01 11:51:00,2
631,9.04,5.63,764.62,2018-08-01 11:52:00,2
632,9.04,5.63,795.66,2018-08-01 11:53:00,2
633,9.01,5.63,824.14,2018-08-01 11:54:00,2
634,9.01,5.62,743.45,2018-08-01 11:55:00,2
635,9.01,5.61,758.46,2018-08-01 11:56:00,2
636,9.00,5.62,787.84,2018-08-01 11:57:00,2
637,8.99,5.61,814.71,2018-08-01 11:58:00,2
638,8.98,5.60,827.09,2018-08-01 11:59:00,2
639,8.97,5.59,788.38,2018-08-01 12:00:00,2
640,8.96,5.58,737.81,2018-08-01 12:01:00,2
641,8.98,5.59,761.61,2018-08-01 12:02:00,2
642,8.97,5.59,744.02,2018-08-01 12:03:00,2
643,8.94,5.58,780.15,2018-08-01 12:04:00,2
644,8.95,5.56,798.17,2018-08-01 12:05:00,2
645,8.95,5.58,820.98,2018-08-01 12:06:00,2
646,8.96,5.57,739.85,2018-08-01 12:07:00,2
647,8.90,5.55,821.37,2018-08-01 12:08:00,2
648,8.92,5.55,807.36,2018-08-01 12:09:00,2
649,8.92,5.55,805.50,2018-08-01 12:10:00,2
650,8.92,5.54,753.88,2018-08-01 12:11:00,2
651,8.91,5.53,811.00,2018-08-01 12:12:00,2
652,8.90,5.54,730.73,2018-08-01 12:13:00,2
653,8.91,5.53,771.96,2018-08-01 12:14:00,2
654,8.90,5.53,804.01,2018-08-01 12:15:00,2
655,8.89,5.52,828.57,2018-08-01 12:16:00,2
656,8.88,5.54,818.21,2018-08-01 12:17:00,2
657,8.87,5.56,826.83,2018-08-01 12:18:00,2
658,8.88,5.54,769.20,2018-08-01 12:19:00,2
659,8.88,5.52,760.15,2018-08-01 12:20:00,2
660,8.87,5.54,750.71,2018-08-01 12:21:00,2
661,8.85,5.55,766.64,2018-08-01 12:22:00,2
662,8.87,5.56,810.78,2018-08-01 12:23:00,2
663,8.86,5.58,786.30,2018-08-01 12:24:00,2
664,8.84,5.60,828.24,2018-08-01 12:25:00,2
665,8.84,5.61,819.26,2018-08-01 12:26:00,2
666,8.84,5.63,776.77,2018-08-01 12:27:00,2
667,8.83,5.64,805.04,2018-08-01 12:28:00,2
668,8.82,5.65,717.96,2018-08-01 12:29:00,2
669,8.83,5.68,760.37,2018-08-01 12:30:00,2
670,8.82,5.67,801.51,2018-08-01 12:31:00,2
671,8.82,5.69,805.03,2018-08-01 12:32:00,2
672,8.81,5.72,806.21,2018-08-01 12:33:00,2
673,8.83,5.72,762.53,2018-08-01 12:34:00,2
674,8.85,5.72,734.07,2018-08-01 12:35:00,2
675,8.83,5.73,735.59,2018-08-01 12:36:00,2
676,8.81,5.73,785.94,2018-08-01 12:37:00,2
677,8.83,5.73,788.38,2018-08-01 12:38:00,2
678,8.84,5.74,772.50,2018-08-01 12:39:00,2
679,8.85,5.74,769.41,2018-08-01 12:40:00,2
680,8.87,5.74,718.75,2018-08-01 12:41:00,2
681,8.89,5.74,735.94,2018-08-01 12:42:00,2
682,8.90,5.74,770.01,2018-08-01 12:43:00,2
683,8.92,5.75,742.33,2018-08-01 12:44:00,2
684,8.93,5.75,786.78,2018-08-01 12:45:00,2
685,8.94,5.74,761.55,2018-08-01 12:46:00,2
686,8.97,5.74,798.75,2018-08-01 12:47:00,2
687,8.96,5.74,733.43,2018-08-01 12:48:00,2
688,8.98,5.74,768.50,2018-08-01 12:49:00,2
689,9.01,5.74,739.01,2018-08-01 12:50:00,2
690,9.01,5.73,809.10,2018-08-01 12:51:00,2
691,9.01,5.73,827.07,2018-08-01 12:52:00,2
692,9.02,5.73,833.76,2018-08-01 12:53:00,2
693,6.27,6.95,841.33,2018-08-01 10:36:00,3
694,5.82,6.90,790.58,2018-08-01 10:37:00,3
695,5.86,7.03,850.74,2018-08-01 10:38:00,3
696,6.25,6.97,782.60,2018-08-01 10:39:00,3
697,5.86,7.03,822.32,2018-08-01 10:40:00,3
698,5.67,7.02,785.94,2018-08-01 10:41:00,3
699,6.10,6.99,821.17,2018-08-01 10:42:00,3
700,6.05,6.98,804.86,2018-08-01 10:43:00,3
701,6.04,6.98,804.03,2018-08-01 10:44:00,3
702,5.80,6.97,795.40,2018-08-01 10:45:00,3
703,6.24,6.96,780.96,2018-08-01 10:46:00,3
704,5.73,6.96,813.96,2018-08-01 10:47:00,3
705,6.14,6.95,852.32,2018-08-01 10:48:00,3
706,5.64,6.96,853.77,2018-08-01 10:49:00,3
707,5.70,6.95,830.24,2018-08-01 10:50:00,3
708,6.22,6.94,781.78,2018-08-01 10:51:00,3
709,5.78,6.94,817.43,2018-08-01 10:52:00,3
710,5.80,6.94,779.76,2018-08-01 10:53:00,3
711,5.88,6.94,779.52,2018-08-01 10:54:00,3
712,5.81,6.87,847.35,2018-08-01 10:55:00,3
713,6.08,6.95,780.29,2018-08-01 10:56:00,3
714,6.15,6.96,852.86,2018-08-01 10:57:00,3
715,5.71,6.99,847.45,2018-08-01 10:58:00,3
716,5.84,6.99,849.78,2018-08-01 10:59:00,3
717,5.90,7.00,805.19,2018-08-01 11:00:00,3
718,6.12,6.99,781.85,2018-08-01 11:01:00,3
719,5.91,6.98,827.83,2018-08-01 11:02:00,3
720,5.71,6.98,781.34,2018-08-01 11:03:00,3
721,6.10,6.98,788.79,2018-08-01 11:04:00,3
722,6.08,6.99,820.24,2018-08-01 11:05:00,3
723,6.12,6.98,810.49,2018-08-01 11:06:00,3
724,5.80,6.97,855.03,2018-08-01 11:07:00,3
725,6.04,6.97,829.18,2018-08-01 11:08:00,3
726,6.13,6.97,782.92,2018-08-01 11:09:00,3
727,5.67,6.97,853.55,2018-08-01 11:10:00,3
728,6.20,6.97,784.48,2018-08-01 11:11:00,3
729,6.31,6.97,799.37,2018-08-01 11:12:00,3
730,6.02,6.97,829.73,2018-08-01 11:13:00,3
731,5.68,6.97,847.65,2018-08-01 11:14:00,3
732,6.28,6.97,840.98,2018-08-01 11:15:00,3
733,6.11,6.97,821.53,2018-08-01 11:16:00,3
734,6.17,6.97,791.44,2018-08-01 11:17:00,3
735,6.31,6.97,822.99,2018-08-01 11:18:00,3
736,5.84,6.97,853.64,2018-08-01 11:19:00,3
737,5.62,6.97,825.59,2018-08-01 11:20:00,3
738,5.86,6.97,818.29,2018-08-01 11:21:00,3
739,6.11,6.97,779.80,2018-08-01 11:22:00,3
740,5.79,6.97,813.34,2018-08-01 11:23:00,3
741,6.32,6.98,819.98,2018-08-01 11:24:00,3
742,5.88,6.98,804.89,2018-08-01 11:25:00,3
743,6.25,6.98,787.98,2018-08-01 11:26:00,3
744,6.27,6.98,799.86,2018-08-01 11:27:00,3
745,5.91,6.98,836.98,2018-08-01 11:28:00,3
746,5.73,6.97,819.93,2018-08-01 11:29:00,3
747,5.70,6.97,810.51,2018-08-01 11:30:00,3
748,5.94,6.97,789.60,2018-08-01 11:31:00,3
749,5.70,6.97,855.21,2018-08-01 11:32:00,3
750,5.93,6.97,854.28,2018-08-01 11:33:00,3
751,6.10,6.97,819.96,2018-08-01 11:34:00,3
752,6.34,6.97,815.07,2018-08-01 11:35:00,3
753,5.67,6.97,796.30,2018-08-01 11:36:00,3
754,5.80,6.97,848.22,2018-08-01 11:37:00,3
755,5.86,6.97,844.20,2018-08-01 11:38:00,3
756,6.24,6.97,821.52,2018-08-01 11:39:00,3
757,5.74,6.97,804.03,2018-08-01 11:40:00,3
758,5.93,6.97,810.75,2018-08-01 11:41:00,3
759,5.62,6.97,779.80,2018-08-01 11:42:00,3
760,5.94,6.97,792.82,2018-08-01 11:43:00,3
761,6.11,6.97,849.45,2018-08-01 11:44:00,3
762,6.09,6.97,832.28,2018-08-01 11:45:00,3
763,5.74,6.97,781.68,2018-08-01 11:46:00,3
764,5.58,6.97,836.69,2018-08-01 11:47:00,3
765,5.67,6.97,799.04,2018-08-01 11:48:00,3
766,5.84,6.97,790.27,2018-08-01 11:49:00,3
767,5.98,6.97,848.38,2018-08-01 11:50:00,3
768,5.83,6.97,822.45,2018-08-01 11:51:00,3
769,6.06,6.96,834.79,2018-08-01 11:52:00,3
770,6.03,6.96,843.30,2018-08-01 11:53:00,3
771,5.86,6.96,812.51,2018-08-01 11:54:00,3
772,5.81,6.96,843.93,2018-08-01 11:55:00,3
773,6.20,6.96,846.97,2018-08-01 11:56:00,3
774,5.95,6.95,838.67,2018-08-01 11:57:00,3
775,5.88,6.85,789.70,2018-08-01 11:58:00,3
776,5.61,7.46,834.74,2018-08-01 11:59:00,3
777,6.26,7.11,819.93,2018-08-01 12:00:00,3
778,5.93,7.12,793.59,2018-08-01 12:01:00,3
779,5.96,6.99,821.29,2018-08-01 12:02:00,3
780,6.20,7.03,812.61,2018-08-01 12:03:00,3
781,5.68,7.06,813.45,2018-08-01 12:04:00,3
782,5.95,7.08,817.82,2018-08-01 12:05:00,3
783,5.88,7.17,794.37,2018-08-01 12:06:00,3
784,6.28,7.28,801.16,2018-08-01 12:07:00,3
785,5.88,7.53,843.19,2018-08-01 12:08:00,3
786,5.81,7.62,832.38,2018-08-01 12:09:00,3
787,5.67,7.80,831.06,2018-08-01 12:10:00,3
788,5.85,7.72,828.98,2018-08-01 12:11:00,3
789,5.72,7.67,779.18,2018-08-01 12:12:00,3
790,5.77,7.61,807.28,2018-08-01 12:13:00,3
791,5.68,7.54,820.14,2018-08-01 12:14:00,3
792,6.05,7.48,799.61,2018-08-01 12:15:00,3
793,6.14,7.40,846.38,2018-08-01 12:16:00,3
794,6.09,7.34,819.23,2018-08-01 12:17:00,3
795,5.67,7.28,821.75,2018-08-01 12:18:00,3
796,5.57,7.23,812.25,2018-08-01 12:19:00,3
797,5.95,7.18,778.62,2018-08-01 12:20:00,3
798,6.05,7.14,833.10,2018-08-01 12:21:00,3
799,5.84,7.10,778.29,2018-08-01 12:22:00,3
800,5.77,7.07,810.82,2018-08-01 12:23:00,3
801,5.81,7.06,814.00,2018-08-01 12:24:00,3
802,6.18,7.06,822.28,2018-08-01 12:25:00,3
803,6.22,7.05,826.92,2018-08-01 12:26:00,3
804,6.03,7.04,813.92,2018-08-01 12:27:00,3
805,6.08,7.07,797.56,2018-08-01 12:28:00,3
806,5.60,7.02,793.27,2018-08-01 12:29:00,3
807,5.93,7.01,847.49,2018-08-01 12:30:00,3
808,6.05,7.01,852.30,2018-08-01 12:31:00,3
809,5.95,6.89,834.05,2018-08-01 12:32:00,3
810,6.07,6.90,840.23,2018-08-01 12:33:00,3
811,5.62,6.96,846.33,2018-08-01 12:34:00,3
812,5.59,6.99,815.56,2018-08-01 12:35:00,3
813,6.10,7.01,787.99,2018-08-01 12:36:00,3
814,5.72,6.98,834.04,2018-08-01 12:37:00,3
815,6.03,6.98,837.24,2018-08-01 12:38:00,3
816,6.03,6.98,814.70,2018-08-01 12:39:00,3
817,6.10,6.99,783.81,2018-08-01 12:40:00,3
818,5.74,6.98,802.14,2018-08-01 12:41:00,3
819,6.28,6.98,797.88,2018-08-01 12:42:00,3
820,5.96,6.99,852.28,2018-08-01 12:43:00,3
821,6.32,6.97,778.41,2018-08-01 12:44:00,3
822,5.87,6.97,825.34,2018-08-01 12:45:00,3
823,5.63,6.98,791.04,2018-08-01 12:46:00,3
824,6.27,6.98,821.70,2018-08-01 12:47:00,3
825,6.16,6.99,818.76,2018-08-01 12:48:00,3
826,6.11,6.99,819.71,2018-08-01 12:49:00,3
827,6.23,6.98,816.79,2018-08-01 12:50:00,3
828,5.77,6.98,841.29,2018-08-01 12:51:00,3
829,5.67,6.98,819.67,2018-08-01 12:52:00,3
830,5.63,6.99,780.39,2018-08-01 12:53:00,3
831,5.43,5.74,120.07,2018-09-02 08:29:00,1
832,5.83,5.44,119.32,2018-09-02 08:30:00,1
833,5.66,5.21,124.97,2018-09-02 08:31:00,1
834,5.94,5.71,118.72,2018-09-02 08:32:00,1
835,5.72,5.84,118.90,2018-09-02 08:33:00,1
836,5.51,5.69,119.23,2018-09-02 08:34:00,1
837,5.52,5.86,118.94,2018-09-02 08:35:00,1
838,6.00,5.60,122.07,2018-09-02 08:36:00,1
839,5.30,5.54,118.78,2018-09-02 08:37:00,1
840,5.36,5.61,119.59,2018-09-02 08:38:00,1
841,5.99,5.86,119.47,2018-09-02 08:39:00,1
842,5.91,5.64,119.53,2018-09-02 08:40:00,1
843,5.92,5.05,119.63,2018-09-02 08:41:00,1
844,5.26,5.79,119.67,2018-09-02 08:42:00,1
845,5.86,5.27,119.11,2018-09-02 08:43:00,1
846,6.00,5.77,119.24,2018-09-02 08:44:00,1
847,5.31,5.06,118.67,2018-09-02 08:45:00,1
848,5.62,5.49,119.66,2018-09-02 08:46:00,1
849,5.57,5.60,115.05,2018-09-02 08:47:00,1
850,5.84,5.12,120.08,2018-09-02 08:48:00,1
851,5.89,5.95,118.83,2018-09-02 08:49:00,1
852,5.80,5.89,119.87,2018-09-02 08:50:00,1
853,5.98,5.07,120.27,2018-09-02 08:51:00,1
854,5.78,5.37,127.85,2018-09-02 08:52:00,1
855,5.47,5.43,119.95,2018-09-02 08:53:00,1
856,5.99,5.08,119.00,2018-09-02 08:54:00,1
857,5.86,5.23,119.12,2018-09-02 08:55:00,1
858,5.96,5.37,119.24,2018-09-02 08:56:00,1
859,5.61,5.30,119.54,2018-09-02 08:57:00,1
860,5.77,5.92,120.04,2018-09-02 08:58:00,1
861,5.29,5.64,123.47,2018-09-02 08:59:00,1
862,5.32,5.14,122.72,2018-09-02 09:00:00,1
863,5.82,5.82,123.58,2018-09-02 09:01:00,1
864,5.98,5.92,122.43,2018-09-02 09:02:00,1
865,5.75,5.52,122.91,2018-09-02 09:03:00,1
866,5.44,5.13,122.75,2018-09-02 09:04:00,1
867,5.93,5.60,123.63,2018-09-02 09:05:00,1
868,5.63,5.58,122.75,2018-09-02 09:06:00,1
869,5.83,6.00,128.38,2018-09-02 09:07:00,1
870,5.62,5.21,129.54,2018-09-02 09:08:00,1
871,5.66,5.51,125.21,2018-09-02 09:09:00,1
872,5.93,5.80,124.70,2018-09-02 09:10:00,1
873,5.90,5.66,128.19,2018-09-02 09:11:00,1
874,5.39,5.05,119.41,2018-09-02 09:12:00,1
875,5.78,5.40,119.05,2018-09-02 09:13:00,1
876,5.49,5.15,119.69,2018-09-02 09:14:00,1
877,5.36,5.35,120.06,2018-09-02 09:15:00,1
878,5.64,5.47,119.59,2018-09-02 09:16:00,1
879,5.90,5.87,120.16,2018-09-02 09:17:00,1
880,5.37,5.54,119.47,2018-09-02 09:18:00,1
881,5.59,5.11,119.22,2018-09-02 09:19:00,1
882,6.00,5.95,118.82,2018-09-02 09:20:00,1
883,5.68,5.81,118.83,2018-09-02 09:21:00,1
884,5.32,5.75,119.55,2018-09-02 09:22:00,1
885,6.00,5.33,118.74,2018-09-02 09:23:00,1
886,5.79,5.52,124.78,2018-09-02 09:24:00,1
887,5.59,5.35,119.25,2018-09-02 09:25:00,1
888,5.95,5.32,119.61,2018-09-02 09:26:00,1
889,5.29,5.62,118.62,2018-09-02 09:27:00,1
890,5.84,5.85,119.30,2018-09-02 09:28:00,1
891,6.00,5.04,119.75,2018-09-02 09:29:00,1
892,5.74,5.40,118.82,2018-09-02 09:30:00,1
893,5.33,5.90,114.78,2018-09-02 09:31:00,1
894,5.82,5.64,119.87,2018-09-02 09:32:00,1
895,5.37,5.02,119.88,2018-09-02 09:33:00,1
896,5.58,5.34,118.71,2018-09-02 09:34:00,1
897,5.54,5.16,120.01,2018-09-02 09:35:00,1
898,5.88,5.46,119.59,2018-09-02 09:36:00,1
899,5.89,5.15,118.68,2018-09-02 09:37:00,1
900,5.36,5.83,119.35,2018-09-02 09:38:00,1
901,5.42,5.85,119.10,2018-09-02 09:39:00,1
902,5.61,5.31,119.94,2018-09-02 09:40:00,1
903,5.95,5.88,118.78,2018-09-02 09:41:00,1
904,5.57,5.22,119.28,2018-09-02 09:42:00,1
905,5.59,5.68,119.15,2018-09-02 09:43:00,1
906,5.29,5.49,118.73,2018-09-02 09:44:00,1
907,5.56,5.72,119.83,2018-09-02 09:45:00,1
908,5.32,5.48,120.56,2018-09-02 09:46:00,1
909,5.60,5.08,119.20,2018-09-02 09:47:00,1
910,5.73,5.65,118.67,2018-09-02 09:48:00,1
911,5.60,5.36,119.14,2018-09-02 09:49:00,1
912,5.87,5.23,118.93,2018-09-02 09:50:00,1
913,5.34,5.55,119.13,2018-09-02 09:51:00,1
914,5.62,5.05,119.22,2018-09-02 09:52:00,1
915,5.27,5.97,119.30,2018-09-02 09:53:00,1
916,5.49,5.22,119.83,2018-09-02 09:54:00,1
917,5.89,5.21,120.09,2018-09-02 09:55:00,1
918,5.27,5.87,119.49,2018-09-02 09:56:00,1
919,5.31,5.54,119.92,2018-09-02 09:57:00,1
920,5.93,5.79,118.97,2018-09-02 09:58:00,1
921,5.49,5.87,119.73,2018-09-02 09:59:00,1
922,5.97,5.75,119.39,2018-09-02 10:00:00,1
923,5.44,5.64,118.78,2018-09-02 10:01:00,1
924,5.39,5.38,119.72,2018-09-02 10:02:00,1
925,5.89,5.25,120.19,2018-09-02 10:03:00,1
926,6.00,5.11,119.29,2018-09-02 10:04:00,1
927,5.65,5.90,119.08,2018-09-02 10:05:00,1
928,5.63,5.24,118.89,2018-09-02 10:06:00,1
929,5.64,5.06,120.23,2018-09-02 10:07:00,1
930,5.66,5.44,119.51,2018-09-02 10:08:00,1
931,5.30,5.13,118.80,2018-09-02 10:09:00,1
932,5.64,5.27,120.28,2018-09-02 10:10:00,1
933,5.71,5.46,128.63,2018-09-02 10:11:00,1
934,5.60,5.83,119.12,2018-09-02 10:12:00,1
935,5.65,5.12,118.91,2018-09-02 10:13:00,1
936,5.79,5.94,120.26,2018-09-02 10:14:00,1
937,5.45,5.02,119.71,2018-09-02 10:15:00,1
938,5.70,5.19,119.94,2018-09-02 10:16:00,1
939,5.44,5.79,118.92,2018-09-02 10:17:00,1
940,5.37,5.55,119.41,2018-09-02 10:18:00,1
941,5.80,5.16,120.01,2018-09-02 10:19:00,1
942,5.79,5.64,118.85,2018-09-02 10:20:00,1
943,5.70,5.57,110.23,2018-09-02 10:21:00,1
944,5.40,5.62,110.55,2018-09-02 10:22:00,1
945,6.01,5.74,110.06,2018-09-02 10:23:00,1
946,5.90,5.92,117.79,2018-09-02 10:24:00,1
947,5.65,5.64,111.18,2018-09-02 10:25:00,1
948,5.30,5.69,123.29,2018-09-02 10:26:00,1
949,5.99,5.10,119.71,2018-09-02 10:27:00,1
950,5.54,3.15,635.87,2018-09-02 08:29:00,2
951,5.41,2.82,650.13,2018-09-02 08:30:00,2
952,5.36,2.84,653.33,2018-09-02 08:31:00,2
953,5.87,2.73,640.36,2018-09-02 08:32:00,2
954,5.74,2.43,638.70,2018-09-02 08:33:00,2
955,5.18,2.56,655.38,2018-09-02 08:34:00,2
956,5.52,3.77,656.57,2018-09-02 08:35:00,2
957,5.43,2.36,654.41,2018-09-02 08:36:00,2
958,5.18,4.44,645.92,2018-09-02 08:37:00,2
959,5.13,2.70,634.96,2018-09-02 08:38:00,2
960,5.08,3.68,637.19,2018-09-02 08:39:00,2
961,5.59,2.97,649.33,2018-09-02 08:40:00,2
962,5.69,2.99,656.90,2018-09-02 08:41:00,2
963,5.62,3.69,633.48,2018-09-02 08:42:00,2
964,5.76,4.28,644.64,2018-09-02 08:43:00,2
965,5.19,4.99,640.28,2018-09-02 08:44:00,2
966,5.06,3.19,633.49,2018-09-02 08:45:00,2
967,5.10,3.15,633.34,2018-09-02 08:46:00,2
968,5.68,3.45,652.96,2018-09-02 08:47:00,2
969,5.44,3.35,640.57,2018-09-02 08:48:00,2
970,5.53,3.81,643.44,2018-09-02 08:49:00,2
971,5.35,4.33,645.25,2018-09-02 08:50:00,2
972,5.65,2.32,640.21,2018-09-02 08:51:00,2
973,5.19,3.06,639.34,2018-09-02 08:52:00,2
974,5.10,2.99,633.17,2018-09-02 08:53:00,2
975,5.37,4.10,640.13,2018-09-02 08:54:00,2
976,5.25,2.87,644.58,2018-09-02 08:55:00,2
977,5.59,4.21,637.12,2018-09-02 08:56:00,2
978,5.21,4.21,644.10,2018-09-02 08:57:00,2
979,5.71,3.59,635.26,2018-09-02 08:58:00,2
980,5.10,3.78,645.83,2018-09-02 08:59:00,2
981,5.08,3.69,650.75,2018-09-02 09:00:00,2
982,5.31,3.25,650.67,2018-09-02 09:01:00,2
983,5.49,3.80,642.44,2018-09-02 09:02:00,2
984,5.29,2.57,656.65,2018-09-02 09:03:00,2
985,5.52,2.55,652.62,2018-09-02 09:04:00,2
986,5.65,4.15,645.42,2018-09-02 09:05:00,2
987,5.59,2.50,644.76,2018-09-02 09:06:00,2
988,5.56,3.13,640.98,2018-09-02 09:07:00,2
989,5.15,3.70,649.51,2018-09-02 09:08:00,2
990,5.41,3.71,639.45,2018-09-02 09:09:00,2
991,5.59,2.96,641.02,2018-09-02 09:10:00,2
992,5.35,3.01,645.51,2018-09-02 09:11:00,2
993,5.28,4.00,642.93,2018-09-02 09:12:00,2
994,5.13,3.32,635.50,2018-09-02 09:13:00,2
995,5.30,3.88,650.53,2018-09-02 09:14:00,2
996,5.50,4.31,652.36,2018-09-02 09:15:00,2
997,5.42,3.34,650.40,2018-09-02 09:16:00,2
998,5.09,2.84,648.91,2018-09-02 09:17:00,2
999,5.87,3.30,649.18,2018-09-02 09:18:00,2
1000,5.78,3.55,656.65,2018-09-02 09:19:00,2
1001,5.18,3.66,653.86,2018-09-02 09:20:00,2
1002,5.91,2.82,642.64,2018-09-02 09:21:00,2
1003,5.96,4.43,653.04,2018-09-02 09:22:00,2
1004,5.20,2.50,639.25,2018-09-02 09:23:00,2
1005,5.91,2.57,635.92,2018-09-02 09:24:00,2
1006,5.50,4.16,639.06,2018-09-02 09:25:00,2
1007,5.57,4.44,644.50,2018-09-02 09:26:00,2
1008,5.50,4.44,634.87,2018-09-02 09:27:00,2
1009,5.66,3.50,637.24,2018-09-02 09:28:00,2
1010,5.19,4.32,644.61,2018-09-02 09:29:00,2
1011,5.08,3.72,651.75,2018-09-02 09:30:00,2
1012,5.80,2.37,638.54,2018-09-02 09:31:00,2
1013,5.73,2.33,643.79,2018-09-02 09:32:00,2
1014,5.27,4.12,645.12,2018-09-02 09:33:00,2
1015,5.50,2.45,639.75,2018-09-02 09:34:00,2
1016,5.78,2.89,648.97,2018-09-02 09:35:00,2
1017,5.41,2.99,636.66,2018-09-02 09:36:00,2
1018,5.82,2.71,650.67,2018-09-02 09:37:00,2
1019,5.61,4.49,634.85,2018-09-02 09:38:00,2
1020,5.26,0.98,637.83,2018-09-02 09:39:00,2
1021,5.92,1.22,637.17,2018-09-02 09:40:00,2
1022,5.40,0.91,648.55,2018-09-02 09:41:00,2
1023,5.47,1.58,634.11,2018-09-02 09:42:00,2
1024,5.95,2.04,651.30,2018-09-02 09:43:00,2
1025,5.77,1.65,637.32,2018-09-02 09:44:00,2
1026,5.13,2.15,640.29,2018-09-02 09:45:00,2
1027,5.41,2.66,654.22,2018-09-02 09:46:00,2
1028,5.31,4.39,655.79,2018-09-02 09:47:00,2
1029,5.43,4.02,642.36,2018-09-02 09:48:00,2
1030,5.31,3.17,652.21,2018-09-02 09:49:00,2
1031,5.83,3.33,648.11,2018-09-02 09:50:00,2
1032,5.65,3.31,650.71,2018-09-02 09:51:00,2
1033,5.28,4.45,639.30,2018-09-02 09:52:00,2
1034,5.20,3.81,655.15,2018-09-02 09:53:00,2
1035,5.08,4.37,633.01,2018-09-02 09:54:00,2
1036,5.19,3.74,640.70,2018-09-02 09:55:00,2
1037,5.28,4.14,644.73,2018-09-02 09:56:00,2
1038,5.84,2.88,647.10,2018-09-02 09:57:00,2
1039,5.41,4.12,649.22,2018-09-02 09:58:00,2
1040,5.23,3.32,642.14,2018-09-02 09:59:00,2
1041,5.38,3.79,653.68,2018-09-02 10:00:00,2
1042,5.57,2.64,641.68,2018-09-02 10:01:00,2
1043,5.63,2.55,633.33,2018-09-02 10:02:00,2
1044,5.60,2.46,652.12,2018-09-02 10:03:00,2
1045,5.24,3.78,651.45,2018-09-02 10:04:00,2
1046,5.82,3.51,633.53,2018-09-02 10:05:00,2
1047,5.18,3.77,641.24,2018-09-02 10:06:00,2
1048,5.27,4.46,634.72,2018-09-02 10:07:00,2
1049,5.27,2.30,635.58,2018-09-02 10:08:00,2
1050,5.38,4.22,646.79,2018-09-02 10:09:00,2
1051,5.41,4.21,647.43,2018-09-02 10:10:00,2
1052,5.70,3.58,638.17,2018-09-02 10:11:00,2
1053,5.36,2.76,640.62,2018-09-02 10:12:00,2
1054,5.63,4.48,651.26,2018-09-02 10:13:00,2
1055,5.47,3.42,643.70,2018-09-02 10:14:00,2
1056,5.23,2.61,644.72,2018-09-02 10:15:00,2
1057,5.69,2.89,640.05,2018-09-02 10:16:00,2
1058,5.55,3.26,656.81,2018-09-02 10:17:00,2
1059,5.66,4.34,648.58,2018-09-02 10:18:00,2
1060,5.41,3.20,639.02,2018-09-02 10:19:00,2
1061,5.05,2.86,637.81,2018-09-02 10:20:00,2
1062,5.54,4.18,649.17,2018-09-02 10:21:00,2
1063,5.06,3.77,649.14,2018-09-02 10:22:00,2
1064,5.66,2.44,652.93,2018-09-02 10:23:00,2
1065,5.62,3.92,634.66,2018-09-02 10:24:00,2
1066,5.11,3.38,636.44,2018-09-02 10:25:00,2
1067,5.35,4.38,655.77,2018-09-02 10:26:00,2
1068,5.49,4.20,647.84,2018-09-02 10:27:00,2
1069,5.58,5.88,744.28,2018-09-02 08:29:00,3
1070,4.88,5.88,711.69,2018-09-02 08:30:00,3
1071,4.76,6.23,711.68,2018-09-02 08:31:00,3
1072,5.44,6.17,730.31,2018-09-02 08:32:00,3
1073,5.04,5.69,697.48,2018-09-02 08:33:00,3
1074,5.01,6.27,712.88,2018-09-02 08:34:00,3
1075,5.43,5.93,729.39,2018-09-02 08:35:00,3
1076,5.58,6.11,740.82,2018-09-02 08:36:00,3
1077,5.44,5.85,686.77,2018-09-02 08:37:00,3
1078,5.62,6.18,753.23,2018-09-02 08:38:00,3
1079,4.95,5.95,755.13,2018-09-02 08:39:00,3
1080,4.84,5.63,719.76,2018-09-02 08:40:00,3
1081,4.81,5.46,694.53,2018-09-02 08:41:00,3
1082,5.44,5.55,755.68,2018-09-02 08:42:00,3
1083,4.87,5.78,736.49,2018-09-02 08:43:00,3
1084,4.82,5.93,742.80,2018-09-02 08:44:00,3
1085,5.41,5.96,730.94,2018-09-02 08:45:00,3
1086,4.79,6.04,725.98,2018-09-02 08:46:00,3
1087,5.40,5.98,743.93,2018-09-02 08:47:00,3
1088,5.66,5.60,720.83,2018-09-02 08:48:00,3
1089,5.12,6.23,759.03,2018-09-02 08:49:00,3
1090,5.51,5.76,730.49,2018-09-02 08:50:00,3
1091,5.16,6.08,735.59,2018-09-02 08:51:00,3
1092,5.30,5.81,741.01,2018-09-02 08:52:00,3
1093,5.68,5.84,756.06,2018-09-02 08:53:00,3
1094,4.86,5.61,697.57,2018-09-02 08:54:00,3
1095,4.86,5.47,764.50,2018-09-02 08:55:00,3
1096,5.39,5.74,737.59,2018-09-02 08:56:00,3
1097,5.20,5.91,738.20,2018-09-02 08:57:00,3
1098,4.82,6.04,749.78,2018-09-02 08:58:00,3
1099,4.95,5.63,695.51,2018-09-02 08:59:00,3
1100,5.20,5.77,740.75,2018-09-02 09:00:00,3
1101,5.46,6.00,761.33,2018-09-02 09:01:00,3
1102,5.01,5.72,709.20,2018-09-02 09:02:00,3
1103,5.38,6.20,764.79,2018-09-02 09:03:00,3
1104,4.90,5.91,712.47,2018-09-02 09:04:00,3
1105,5.39,5.39,684.75,2018-09-02 09:05:00,3
1106,4.99,5.46,717.06,2018-09-02 09:06:00,3
1107,5.68,5.34,693.50,2018-09-02 09:07:00,3
1108,4.78,5.95,712.19,2018-09-02 09:08:00,3
1109,5.42,6.21,718.67,2018-09-02 09:09:00,3
1110,5.28,5.99,751.16,2018-09-02 09:10:00,3
1111,4.92,5.53,744.27,2018-09-02 09:11:00,3
1112,4.75,5.99,742.14,2018-09-02 09:12:00,3
1113,5.28,5.35,766.41,2018-09-02 09:13:00,3
1114,4.81,6.16,721.75,2018-09-02 09:14:00,3
1115,4.87,5.56,717.01,2018-09-02 09:15:00,3
1116,4.94,6.18,698.51,2018-09-02 09:16:00,3
1117,4.82,6.16,712.76,2018-09-02 09:17:00,3
1118,5.31,5.48,718.43,2018-09-02 09:18:00,3
1119,5.60,6.02,688.39,2018-09-02 09:19:00,3
1120,4.83,5.83,763.38,2018-09-02 09:20:00,3
1121,5.26,5.78,703.95,2018-09-02 09:21:00,3
1122,5.62,5.31,707.32,2018-09-02 09:22:00,3
1123,4.76,5.77,752.56,2018-09-02 09:23:00,3
1124,5.15,6.15,712.97,2018-09-02 09:24:00,3
1125,5.59,5.37,747.04,2018-09-02 09:25:00,3
1126,5.56,5.84,765.85,2018-09-02 09:26:00,3
1127,5.05,5.30,711.25,2018-09-02 09:27:00,3
1128,4.89,6.15,744.54,2018-09-02 09:28:00,3
1129,4.93,5.57,711.88,2018-09-02 09:29:00,3
1130,4.86,5.50,701.20,2018-09-02 09:30:00,3
1131,5.22,6.15,714.25,2018-09-02 09:31:00,3
1132,5.40,6.07,685.53,2018-09-02 09:32:00,3
1133,5.49,5.78,733.40,2018-09-02 09:33:00,3
1134,5.49,6.07,767.19,2018-09-02 09:34:00,3
1135,5.09,5.95,699.63,2018-09-02 09:35:00,3
1136,5.56,5.78,716.90,2018-09-02 09:36:00,3
1137,5.63,5.35,730.90,2018-09-02 09:37:00,3
1138,4.99,5.68,739.96,2018-09-02 09:38:00,3
1139,5.66,6.14,719.43,2018-09-02 09:39:00,3
1140,4.82,5.53,749.06,2018-09-02 09:40:00,3
1141,5.05,6.12,762.97,2018-09-02 09:41:00,3
1142,4.89,6.12,732.67,2018-09-02 09:42:00,3
1143,5.21,5.66,762.56,2018-09-02 09:43:00,3
1144,4.89,5.41,708.46,2018-09-02 09:44:00,3
1145,4.84,6.02,762.50,2018-09-02 09:45:00,3
1146,5.62,5.72,750.96,2018-09-02 09:46:00,3
1147,5.60,5.43,739.09,2018-09-02 09:47:00,3
1148,5.23,5.36,704.96,2018-09-02 09:48:00,3
1149,5.53,5.97,715.38,2018-09-02 09:49:00,3
1150,5.48,6.14,711.16,2018-09-02 09:50:00,3
1151,5.59,5.49,690.25,2018-09-02 09:51:00,3
1152,5.54,6.12,724.51,2018-09-02 09:52:00,3
1153,4.89,5.86,712.13,2018-09-02 09:53:00,3
1154,4.89,5.72,706.32,2018-09-02 09:54:00,3
1155,4.97,6.25,722.35,2018-09-02 09:55:00,3
1156,5.59,5.56,763.68,2018-09-02 09:56:00,3
1157,4.84,6.05,748.54,2018-09-02 09:57:00,3
1158,5.50,5.70,758.01,2018-09-02 09:58:00,3
1159,4.76,5.44,689.11,2018-09-02 09:59:00,3
1160,5.06,5.47,747.22,2018-09-02 10:00:00,3
1161,5.00,5.83,741.17,2018-09-02 10:01:00,3
1162,4.78,5.31,733.88,2018-09-02 10:02:00,3
1163,5.64,5.58,761.39,2018-09-02 10:03:00,3
1164,4.72,5.94,765.11,2018-09-02 10:04:00,3
1165,5.18,5.96,722.30,2018-09-02 10:05:00,3
1166,5.57,5.97,765.45,2018-09-02 10:06:00,3
1167,5.41,6.17,740.54,2018-09-02 10:07:00,3
1168,5.38,5.94,744.20,2018-09-02 10:08:00,3
1169,4.95,5.63,750.46,2018-09-02 10:09:00,3
1170,5.68,5.82,754.62,2018-09-02 10:10:00,3
1171,5.09,5.35,757.41,2018-09-02 10:11:00,3
1172,5.51,5.70,691.21,2018-09-02 10:12:00,3
1173,4.95,5.88,720.26,2018-09-02 10:13:00,3
1174,5.71,5.96,719.76,2018-09-02 10:14:00,3
1175,5.33,6.27,734.74,2018-09-02 10:15:00,3
1176,5.03,5.54,687.29,2018-09-02 10:16:00,3
1177,4.91,5.64,697.09,2018-09-02 10:17:00,3
1178,5.33,5.55,752.38,2018-09-02 10:18:00,3
1179,5.40,6.20,699.60,2018-09-02 10:19:00,3
1180,5.07,5.61,753.72,2018-09-02 10:20:00,3
1181,5.38,5.45,696.61,2018-09-02 10:21:00,3
1182,5.39,5.85,730.36,2018-09-02 10:22:00,3
1183,4.96,5.93,699.96,2018-09-02 10:23:00,3
1184,5.07,5.61,762.38,2018-09-02 10:24:00,3
1185,5.39,5.33,697.07,2018-09-02 10:25:00,3
1186,5.50,5.57,761.27,2018-09-02 10:26:00,3
1187,5.05,6.06,688.15,2018-09-02 10:27:00,3
1188,5.89,5.54,207.03,2018-10-01 13:43:00,1
1189,6.10,5.69,210.71,2018-10-01 13:44:00,1
1190,6.56,5.32,207.69,2018-10-01 13:45:00,1
1191,5.84,5.54,210.26,2018-10-01 13:46:00,1
1192,6.03,5.03,207.30,2018-10-01 13:47:00,1
1193,6.33,5.18,205.72,2018-10-01 13:48:00,1
1194,5.90,5.72,207.02,2018-10-01 13:49:00,1
1195,6.14,5.29,209.09,2018-10-01 13:50:00,1
1196,5.83,5.20,210.47,2018-10-01 13:51:00,1
1197,6.49,5.89,210.12,2018-10-01 13:52:00,1
1198,5.96,5.02,208.55,2018-10-01 13:53:00,1
1199,6.04,5.72,206.40,2018-10-01 13:54:00,1
1200,6.21,5.74,208.18,2018-10-01 13:55:00,1
1201,6.59,4.87,210.02,2018-10-01 13:56:00,1
1202,6.43,5.35,210.94,2018-10-01 13:57:00,1
1203,6.05,5.34,207.85,2018-10-01 13:58:00,1
1204,6.55,5.04,209.46,2018-10-01 13:59:00,1
1205,6.08,4.93,209.56,2018-10-01 14:00:00,1
1206,6.57,5.41,205.44,2018-10-01 14:01:00,1
1207,5.85,5.24,207.67,2018-10-01 14:02:00,1
1208,6.41,4.88,205.50,2018-10-01 14:03:00,1
1209,5.80,5.33,207.31,2018-10-01 14:04:00,1
1210,5.86,5.06,206.80,2018-10-01 14:05:00,1
1211,5.94,5.34,207.97,2018-10-01 14:06:00,1
1212,6.51,5.13,211.46,2018-10-01 14:07:00,1
1213,6.11,5.29,209.46,2018-10-01 14:08:00,1
1214,5.79,5.81,205.61,2018-10-01 14:09:00,1
1215,5.81,5.73,208.02,2018-10-01 14:10:00,1
1216,6.07,5.49,211.25,2018-10-01 14:11:00,1
1217,6.32,5.37,208.86,2018-10-01 14:12:00,1
1218,6.31,4.88,210.99,2018-10-01 14:13:00,1
1219,5.77,5.41,206.04,2018-10-01 14:14:00,1
1220,5.98,5.64,210.17,2018-10-01 14:15:00,1
1221,6.10,5.01,208.69,2018-10-01 14:16:00,1
1222,6.30,5.32,206.25,2018-10-01 14:17:00,1
1223,6.59,4.97,209.85,2018-10-01 14:18:00,1
1224,5.87,5.44,208.89,2018-10-01 14:19:00,1
1225,5.94,5.82,211.00,2018-10-01 14:20:00,1
1226,6.26,5.62,210.38,2018-10-01 14:21:00,1
1227,6.00,5.71,210.57,2018-10-01 14:22:00,1
1228,6.30,5.42,205.42,2018-10-01 14:23:00,1
1229,5.83,5.56,210.85,2018-10-01 14:24:00,1
1230,6.04,5.38,207.26,2018-10-01 14:25:00,1
1231,6.40,5.32,206.73,2018-10-01 14:26:00,1
1232,5.80,5.78,209.33,2018-10-01 14:27:00,1
1233,6.00,5.13,207.54,2018-10-01 14:28:00,1
1234,5.81,5.75,210.05,2018-10-01 14:29:00,1
1235,6.35,5.74,205.37,2018-10-01 14:30:00,1
1236,6.30,5.86,210.14,2018-10-01 14:31:00,1
1237,6.46,5.41,208.78,2018-10-01 14:32:00,1
1238,5.81,5.03,206.70,2018-10-01 14:33:00,1
1239,6.17,5.34,206.89,2018-10-01 14:34:00,1
1240,5.85,5.08,211.12,2018-10-01 14:35:00,1
1241,5.99,5.65,208.36,2018-10-01 14:36:00,1
1242,6.57,5.77,208.61,2018-10-01 14:37:00,1
1243,6.58,4.98,208.95,2018-10-01 14:38:00,1
1244,6.32,5.44,206.67,2018-10-01 14:39:00,1
1245,6.03,4.91,205.77,2018-10-01 14:40:00,1
1246,6.24,5.75,207.91,2018-10-01 14:41:00,1
1247,5.81,5.17,205.42,2018-10-01 14:42:00,1
1248,5.81,5.60,207.96,2018-10-01 14:43:00,1
1249,6.44,4.94,207.01,2018-10-01 14:44:00,1
1250,5.85,5.00,205.38,2018-10-01 14:45:00,1
1251,6.14,5.61,205.88,2018-10-01 14:46:00,1
1252,5.78,5.44,205.62,2018-10-01 14:47:00,1
1253,6.09,5.36,208.87,2018-10-01 14:48:00,1
1254,6.18,5.17,211.42,2018-10-01 14:49:00,1
1255,5.82,5.46,205.93,2018-10-01 14:50:00,1
1256,5.76,5.83,209.31,2018-10-01 14:51:00,1
1257,6.48,5.16,209.15,2018-10-01 14:52:00,1
1258,6.39,5.48,205.78,2018-10-01 14:53:00,1
1259,6.22,5.10,208.39,2018-10-01 14:54:00,1
1260,6.51,5.83,211.32,2018-10-01 14:55:00,1
1261,6.24,5.49,208.37,2018-10-01 14:56:00,1
1262,5.90,5.53,205.88,2018-10-01 14:57:00,1
1263,6.46,4.94,210.76,2018-10-01 14:58:00,1
1264,6.43,5.36,211.27,2018-10-01 14:59:00,1
1265,5.79,5.09,207.87,2018-10-01 15:00:00,1
1266,6.53,5.87,211.26,2018-10-01 15:01:00,1
1267,6.53,5.22,211.04,2018-10-01 15:02:00,1
1268,6.37,4.89,205.48,2018-10-01 15:03:00,1
1269,5.87,5.80,206.03,2018-10-01 15:04:00,1
1270,5.80,5.75,206.96,2018-10-01 15:05:00,1
1271,6.05,4.93,210.99,2018-10-01 15:06:00,1
1272,6.01,5.47,205.28,2018-10-01 15:07:00,1
1273,6.19,5.01,207.31,2018-10-01 15:08:00,1
1274,6.39,5.32,208.69,2018-10-01 15:09:00,1
1275,6.36,5.06,209.82,2018-10-01 15:10:00,1
1276,6.41,5.42,205.45,2018-10-01 15:11:00,1
1277,6.43,4.96,209.66,2018-10-01 15:12:00,1
1278,6.33,5.06,207.30,2018-10-01 15:13:00,1
1279,6.35,7.11,206.17,2018-10-01 15:14:00,1
1280,6.56,6.94,205.49,2018-10-01 15:15:00,1
1281,6.60,6.65,205.33,2018-10-01 15:16:00,1
1282,6.38,6.85,210.96,2018-10-01 15:17:00,1
1283,6.44,6.47,207.86,2018-10-01 15:18:00,1
1284,6.44,6.28,206.97,2018-10-01 15:19:00,1
1285,6.57,6.17,207.64,2018-10-01 15:20:00,1
1286,6.61,6.09,211.10,2018-10-01 15:21:00,1
1287,6.46,6.94,206.15,2018-10-01 15:22:00,1
1288,6.50,7.10,205.96,2018-10-01 15:23:00,1
1289,6.44,6.52,206.34,2018-10-01 15:24:00,1
1290,6.45,7.19,205.72,2018-10-01 15:25:00,1
1291,6.48,6.98,211.43,2018-10-01 15:26:00,1
1292,6.17,6.92,209.62,2018-10-01 15:27:00,1
1293,6.16,7.04,209.81,2018-10-01 15:28:00,1
1294,6.41,6.19,209.48,2018-10-01 15:29:00,1
1295,6.57,5.97,210.15,2018-10-01 15:30:00,1
1296,6.59,7.21,206.76,2018-10-01 15:31:00,1
1297,6.42,6.72,206.78,2018-10-01 15:32:00,1
1298,6.39,6.95,202.49,2018-10-01 15:33:00,1
1299,6.44,7.31,191.97,2018-10-01 15:34:00,1
1300,6.39,6.40,196.04,2018-10-01 15:35:00,1
1301,6.34,6.96,195.25,2018-10-01 15:36:00,1
1302,6.23,6.79,187.56,2018-10-01 15:37:00,1
1303,6.39,6.53,198.72,2018-10-01 15:38:00,1
1304,6.37,6.05,187.39,2018-10-01 15:39:00,1
1305,6.42,6.84,186.04,2018-10-01 15:40:00,1
1306,6.41,5.99,202.24,2018-10-01 15:41:00,1
1307,6.22,6.33,187.88,2018-10-01 15:42:00,1
1308,6.39,6.96,191.15,2018-10-01 15:43:00,1
1309,6.22,6.36,193.13,2018-10-01 15:44:00,1
1310,6.54,6.50,191.43,2018-10-01 15:45:00,1
1311,6.46,5.97,200.87,2018-10-01 15:46:00,1
1312,6.39,6.19,196.33,2018-10-01 15:47:00,1
1313,6.57,7.11,202.77,2018-10-01 15:48:00,1
1314,6.30,6.38,203.02,2018-10-01 15:49:00,1
1315,6.29,7.10,199.44,2018-10-01 15:50:00,1
1316,6.39,6.29,189.72,2018-10-01 15:51:00,1
1317,6.48,6.20,193.90,2018-10-01 15:52:00,1
1318,6.54,5.90,188.55,2018-10-01 15:53:00,1
1319,6.21,6.85,192.25,2018-10-01 15:54:00,1
1320,6.22,6.52,203.51,2018-10-01 15:55:00,1
1321,6.30,6.28,193.80,2018-10-01 15:56:00,1
1322,6.40,6.34,193.45,2018-10-01 15:57:00,1
1323,6.48,6.14,191.96,2018-10-01 15:58:00,1
1324,6.35,6.48,186.01,2018-10-01 15:59:00,1
1325,6.32,6.78,196.07,2018-10-01 16:00:00,1
1326,6.48,6.41,199.90,2018-10-01 16:01:00,1
1327,6.66,6.17,196.20,2018-10-01 16:02:00,1
1328,6.40,7.10,204.08,2018-10-01 16:03:00,1
1329,6.35,5.89,192.97,2018-10-01 16:04:00,1
1330,6.54,6.02,200.86,2018-10-01 16:05:00,1
1331,6.60,6.56,200.17,2018-10-01 16:06:00,1
1332,6.30,6.65,201.83,2018-10-01 16:07:00,1
1333,5.90,7.19,195.09,2018-10-01 16:08:00,1
1334,5.78,6.91,204.08,2018-10-01 16:09:00,1
1335,6.08,6.71,189.39,2018-10-01 16:10:00,1
1336,6.12,6.98,195.90,2018-10-01 16:11:00,1
1337,6.21,6.71,193.71,2018-10-01 16:12:00,1
1338,5.91,6.48,184.48,2018-10-01 16:13:00,1
1339,5.98,6.01,197.37,2018-10-01 16:14:00,1
1340,5.73,6.39,191.14,2018-10-01 16:15:00,1
1341,6.18,6.84,193.48,2018-10-01 16:16:00,1
1342,5.77,6.21,196.02,2018-10-01 16:17:00,1
1343,5.84,6.28,190.57,2018-10-01 16:18:00,1
1344,5.94,5.85,187.95,2018-10-01 16:19:00,1
1345,6.05,6.30,203.63,2018-10-01 16:20:00,1
1346,5.76,5.91,189.69,2018-10-01 16:21:00,1
1347,5.83,6.47,189.47,2018-10-01 16:22:00,1
1348,6.05,6.27,195.45,2018-10-01 16:23:00,1
1349,6.22,6.86,196.26,2018-10-01 16:24:00,1
1350,5.81,5.88,204.21,2018-10-01 16:25:00,1
1351,5.84,6.09,190.84,2018-10-01 16:26:00,1
1352,6.17,5.85,204.02,2018-10-01 16:27:00,1
1353,5.95,5.88,196.90,2018-10-01 16:28:00,1
1354,5.85,5.83,186.55,2018-10-01 16:29:00,1
1355,6.18,6.04,202.07,2018-10-01 16:30:00,1
1356,5.87,5.88,195.24,2018-10-01 16:31:00,1
1357,6.10,6.07,192.43,2018-10-01 16:32:00,1
1358,5.85,5.87,188.67,2018-10-01 16:33:00,1
1359,6.03,6.12,200.73,2018-10-01 16:34:00,1
1360,6.22,6.10,201.75,2018-10-01 16:35:00,1
1361,6.02,5.87,189.52,2018-10-01 16:36:00,1
1362,5.90,5.82,186.28,2018-10-01 16:37:00,1
1363,5.97,6.10,187.54,2018-10-01 16:38:00,1
1364,5.93,6.06,187.42,2018-10-01 16:39:00,1
1365,4.64,4.54,853.18,2018-10-01 13:43:00,2
1366,4.79,4.98,825.99,2018-10-01 13:44:00,2
1367,5.17,4.42,831.53,2018-10-01 13:45:00,2
1368,5.12,4.54,855.33,2018-10-01 13:46:00,2
1369,4.81,4.61,823.11,2018-10-01 13:47:00,2
1370,5.00,4.71,836.66,2018-10-01 13:48:00,2
1371,5.13,4.73,821.01,2018-10-01 13:49:00,2
1372,4.81,4.69,831.95,2018-10-01 13:50:00,2
1373,4.66,4.45,846.54,2018-10-01 13:51:00,2
1374,4.90,4.54,833.30,2018-10-01 13:52:00,2
1375,4.91,4.36,827.98,2018-10-01 13:53:00,2
1376,5.02,4.68,822.63,2018-10-01 13:54:00,2
1377,4.81,4.77,832.30,2018-10-01 13:55:00,2
1378,5.18,4.75,841.52,2018-10-01 13:56:00,2
1379,4.97,4.64,828.19,2018-10-01 13:57:00,2
1380,5.13,4.44,833.95,2018-10-01 13:58:00,2
1381,5.03,4.61,840.59,2018-10-01 13:59:00,2
1382,4.86,4.42,834.91,2018-10-01 14:00:00,2
1383,4.96,4.84,820.21,2018-10-01 14:01:00,2
1384,5.00,4.84,824.68,2018-10-01 14:02:00,2
1385,4.64,4.75,854.13,2018-10-01 14:03:00,2
1386,4.74,4.89,823.20,2018-10-01 14:04:00,2
1387,5.03,4.41,858.40,2018-10-01 14:05:00,2
1388,5.22,4.70,845.63,2018-10-01 14:06:00,2
1389,5.21,4.87,820.59,2018-10-01 14:07:00,2
1390,4.73,4.69,857.25,2018-10-01 14:08:00,2
1391,4.99,4.50,857.21,2018-10-01 14:09:00,2
1392,5.21,4.56,834.21,2018-10-01 14:10:00,2
1393,5.16,4.74,827.62,2018-10-01 14:11:00,2
1394,5.24,4.80,850.59,2018-10-01 14:12:00,2
1395,4.65,4.66,827.60,2018-10-01 14:13:00,2
1396,4.68,4.69,828.93,2018-10-01 14:14:00,2
1397,5.23,4.59,847.22,2018-10-01 14:15:00,2
1398,4.97,4.68,850.60,2018-10-01 14:16:00,2
1399,5.26,4.60,856.20,2018-10-01 14:17:00,2
1400,5.06,4.81,832.94,2018-10-01 14:18:00,2
1401,4.69,4.98,829.48,2018-10-01 14:19:00,2
1402,5.01,4.39,821.62,2018-10-01 14:20:00,2
1403,5.15,4.85,825.80,2018-10-01 14:21:00,2
1404,5.21,4.42,845.45,2018-10-01 14:22:00,2
1405,4.71,4.98,853.17,2018-10-01 14:23:00,2
1406,4.95,4.95,830.05,2018-10-01 14:24:00,2
1407,5.15,4.40,821.50,2018-10-01 14:25:00,2
1408,4.85,4.50,833.75,2018-10-01 14:26:00,2
1409,4.91,4.86,825.66,2018-10-01 14:27:00,2
1410,4.68,4.95,845.58,2018-10-01 14:28:00,2
1411,5.25,4.97,826.59,2018-10-01 14:29:00,2
1412,4.81,4.81,846.36,2018-10-01 14:30:00,2
1413,5.09,4.95,840.28,2018-10-01 14:31:00,2
1414,4.81,4.84,828.64,2018-10-01 14:32:00,2
1415,5.00,4.87,837.36,2018-10-01 14:33:00,2
1416,4.79,4.79,844.91,2018-10-01 14:34:00,2
1417,4.68,4.49,818.85,2018-10-01 14:35:00,2
1418,5.16,4.37,853.31,2018-10-01 14:36:00,2
1419,4.94,4.72,833.60,2018-10-01 14:37:00,2
1420,4.92,4.87,838.87,2018-10-01 14:38:00,2
1421,5.18,4.54,855.35,2018-10-01 14:39:00,2
1422,4.71,4.95,836.98,2018-10-01 14:40:00,2
1423,4.86,4.86,844.11,2018-10-01 14:41:00,2
1424,4.74,4.47,850.35,2018-10-01 14:42:00,2
1425,4.91,4.83,836.69,2018-10-01 14:43:00,2
1426,4.86,4.91,848.61,2018-10-01 14:44:00,2
1427,4.93,4.61,852.67,2018-10-01 14:45:00,2
1428,5.00,4.50,819.66,2018-10-01 14:46:00,2
1429,5.06,4.66,832.83,2018-10-01 14:47:00,2
1430,4.83,4.74,823.75,2018-10-01 14:48:00,2
1431,4.68,4.83,857.31,2018-10-01 14:49:00,2
1432,5.12,4.44,824.33,2018-10-01 14:50:00,2
1433,4.69,4.98,845.82,2018-10-01 14:51:00,2
1434,5.03,4.64,826.29,2018-10-01 14:52:00,2
1435,5.24,4.89,848.23,2018-10-01 14:53:00,2
1436,5.12,4.35,847.50,2018-10-01 14:54:00,2
1437,5.08,4.35,856.51,2018-10-01 14:55:00,2
1438,5.00,4.35,822.32,2018-10-01 14:56:00,2
1439,4.75,4.79,824.83,2018-10-01 14:57:00,2
1440,5.24,4.63,824.84,2018-10-01 14:58:00,2
1441,4.89,4.99,819.29,2018-10-01 14:59:00,2
1442,5.04,4.37,835.40,2018-10-01 15:00:00,2
1443,4.91,4.37,838.63,2018-10-01 15:01:00,2
1444,5.23,4.91,854.80,2018-10-01 15:02:00,2
1445,4.94,4.73,847.54,2018-10-01 15:03:00,2
1446,5.10,4.64,841.71,2018-10-01 15:04:00,2
1447,4.77,4.48,852.76,2018-10-01 15:05:00,2
1448,4.76,4.87,852.00,2018-10-01 15:06:00,2
1449,4.78,4.63,834.10,2018-10-01 15:07:00,2
1450,4.87,4.87,857.90,2018-10-01 15:08:00,2
1451,5.06,4.41,818.09,2018-10-01 15:09:00,2
1452,4.80,4.82,821.88,2018-10-01 15:10:00,2
1453,4.73,4.48,847.52,2018-10-01 15:11:00,2
1454,5.02,4.83,824.60,2018-10-01 15:12:00,2
1455,5.09,4.44,849.85,2018-10-01 15:13:00,2
1456,5.01,4.81,840.91,2018-10-01 15:14:00,2
1457,4.75,4.85,840.23,2018-10-01 15:15:00,2
1458,4.69,4.47,825.31,2018-10-01 15:16:00,2
1459,5.03,4.61,850.59,2018-10-01 15:17:00,2
1460,4.72,4.61,842.35,2018-10-01 15:18:00,2
1461,4.96,4.60,852.83,2018-10-01 15:19:00,2
1462,5.09,4.81,837.14,2018-10-01 15:20:00,2
1463,5.02,4.96,828.11,2018-10-01 15:21:00,2
1464,5.10,4.76,828.54,2018-10-01 15:22:00,2
1465,5.22,4.48,837.54,2018-10-01 15:23:00,2
1466,5.09,4.99,818.84,2018-10-01 15:24:00,2
1467,5.08,4.60,831.03,2018-10-01 15:25:00,2
1468,5.10,4.79,858.63,2018-10-01 15:26:00,2
1469,4.77,4.79,829.00,2018-10-01 15:27:00,2
1470,4.71,4.44,829.73,2018-10-01 15:28:00,2
1471,4.70,4.41,827.27,2018-10-01 15:29:00,2
1472,4.66,4.44,832.88,2018-10-01 15:30:00,2
1473,5.04,4.92,839.78,2018-10-01 15:31:00,2
1474,5.04,5.02,823.56,2018-10-01 15:32:00,2
1475,5.16,4.37,852.51,2018-10-01 15:33:00,2
1476,5.01,4.76,847.79,2018-10-01 15:34:00,2
1477,5.10,4.49,846.18,2018-10-01 15:35:00,2
1478,4.84,4.73,823.45,2018-10-01 15:36:00,2
1479,4.72,4.64,829.76,2018-10-01 15:37:00,2
1480,4.82,4.43,834.61,2018-10-01 15:38:00,2
1481,4.80,4.77,848.08,2018-10-01 15:39:00,2
1482,4.64,4.81,845.50,2018-10-01 15:40:00,2
1483,4.80,4.93,847.88,2018-10-01 15:41:00,2
1484,4.85,5.01,823.07,2018-10-01 15:42:00,2
1485,4.97,4.46,817.79,2018-10-01 15:43:00,2
1486,5.22,4.69,844.27,2018-10-01 15:44:00,2
1487,5.14,4.47,845.28,2018-10-01 15:45:00,2
1488,4.95,4.83,846.79,2018-10-01 15:46:00,2
1489,5.14,4.74,825.22,2018-10-01 15:47:00,2
1490,5.23,4.35,843.60,2018-10-01 15:48:00,2
1491,4.94,4.67,830.76,2018-10-01 15:49:00,2
1492,5.64,4.62,828.61,2018-10-01 15:50:00,2
1493,5.13,4.73,825.16,2018-10-01 15:51:00,2
1494,5.58,5.30,833.05,2018-10-01 15:52:00,2
1495,5.74,5.29,813.14,2018-10-01 15:53:00,2
1496,5.91,5.75,816.48,2018-10-01 15:54:00,2
1497,5.20,5.68,813.02,2018-10-01 15:55:00,2
1498,5.67,5.42,810.78,2018-10-01 15:56:00,2
1499,5.26,5.04,809.54,2018-10-01 15:57:00,2
1500,5.86,5.16,809.79,2018-10-01 15:58:00,2
1501,5.12,5.55,816.71,2018-10-01 15:59:00,2
1502,5.33,5.77,812.52,2018-10-01 16:00:00,2
1503,5.89,5.18,810.06,2018-10-01 16:01:00,2
1504,5.70,5.75,813.95,2018-10-01 16:02:00,2
1505,5.64,5.07,811.31,2018-10-01 16:03:00,2
1506,5.52,5.80,813.45,2018-10-01 16:04:00,2
1507,5.66,5.66,816.23,2018-10-01 16:05:00,2
1508,5.78,5.10,813.65,2018-10-01 16:06:00,2
1509,5.90,5.85,810.01,2018-10-01 16:07:00,2
1510,5.61,5.61,812.70,2018-10-01 16:08:00,2
1511,5.64,5.13,816.10,2018-10-01 16:09:00,2
1512,5.82,5.90,811.88,2018-10-01 16:10:00,2
1513,5.38,5.55,813.69,2018-10-01 16:11:00,2
1514,5.10,5.35,811.98,2018-10-01 16:12:00,2
1515,5.12,5.42,813.21,2018-10-01 16:13:00,2
1516,5.62,5.02,816.24,2018-10-01 16:14:00,2
1517,5.50,5.71,810.04,2018-10-01 16:15:00,2
1518,5.53,5.94,814.71,2018-10-01 16:16:00,2
1519,5.22,5.38,809.60,2018-10-01 16:17:00,2
1520,5.94,5.55,813.17,2018-10-01 16:18:00,2
1521,5.75,5.78,816.42,2018-10-01 16:19:00,2
1522,5.49,5.46,814.27,2018-10-01 16:20:00,2
1523,5.53,5.20,810.13,2018-10-01 16:21:00,2
1524,5.60,5.15,816.41,2018-10-01 16:22:00,2
1525,5.90,5.90,811.50,2018-10-01 16:23:00,2
1526,5.88,5.52,816.55,2018-10-01 16:24:00,2
1527,5.53,5.94,815.90,2018-10-01 16:25:00,2
1528,5.96,5.60,813.57,2018-10-01 16:26:00,2
1529,5.89,5.32,816.69,2018-10-01 16:27:00,2
1530,5.17,5.04,809.06,2018-10-01 16:28:00,2
1531,5.30,5.48,812.66,2018-10-01 16:29:00,2
1532,5.24,5.77,810.38,2018-10-01 16:30:00,2
1533,5.88,5.84,816.35,2018-10-01 16:31:00,2
1534,5.96,5.44,814.43,2018-10-01 16:32:00,2
1535,5.56,5.87,814.64,2018-10-01 16:33:00,2
1536,5.61,5.36,813.32,2018-10-01 16:34:00,2
1537,5.40,5.67,808.65,2018-10-01 16:35:00,2
1538,5.76,5.49,812.03,2018-10-01 16:36:00,2
1539,5.38,5.58,812.09,2018-10-01 16:37:00,2
1540,5.41,5.91,812.46,2018-10-01 16:38:00,2
1541,5.84,5.81,812.64,2018-10-01 16:39:00,2
1542,4.41,2.78,964.59,2018-10-01 13:43:00,3
1543,4.49,2.85,948.94,2018-10-01 13:44:00,3
1544,4.55,2.77,963.19,2018-10-01 13:45:00,3
1545,4.66,2.70,951.34,2018-10-01 13:46:00,3
1546,4.86,2.55,951.85,2018-10-01 13:47:00,3
1547,4.55,2.86,949.23,2018-10-01 13:48:00,3
1548,4.72,2.62,966.94,2018-10-01 13:49:00,3
1549,4.44,2.48,962.29,2018-10-01 13:50:00,3
1550,4.83,2.67,958.06,2018-10-01 13:51:00,3
1551,4.87,2.50,956.67,2018-10-01 13:52:00,3
1552,4.74,2.75,957.62,2018-10-01 13:53:00,3
1553,4.71,2.59,964.58,2018-10-01 13:54:00,3
1554,4.65,2.63,954.42,2018-10-01 13:55:00,3
1555,4.79,2.85,968.48,2018-10-01 13:56:00,3
1556,4.71,2.79,946.88,2018-10-01 13:57:00,3
1557,4.56,2.79,965.14,2018-10-01 13:58:00,3
1558,4.57,2.46,956.91,2018-10-01 13:59:00,3
1559,4.59,2.85,950.79,2018-10-01 14:00:00,3
1560,4.52,2.50,949.24,2018-10-01 14:01:00,3
1561,4.79,2.69,949.87,2018-10-01 14:02:00,3
1562,4.75,2.62,961.88,2018-10-01 14:03:00,3
1563,4.64,2.70,951.42,2018-10-01 14:04:00,3
1564,4.79,2.74,958.26,2018-10-01 14:05:00,3
1565,4.72,2.57,966.58,2018-10-01 14:06:00,3
1566,4.85,2.57,962.23,2018-10-01 14:07:00,3
1567,4.39,2.88,954.96,2018-10-01 14:08:00,3
1568,4.45,2.82,957.01,2018-10-01 14:09:00,3
1569,4.74,2.77,955.69,2018-10-01 14:10:00,3
1570,4.69,2.79,958.21,2018-10-01 14:11:00,3
1571,4.71,2.77,955.73,2018-10-01 14:12:00,3
1572,4.75,2.51,959.17,2018-10-01 14:13:00,3
1573,4.41,2.46,959.93,2018-10-01 14:14:00,3
1574,4.55,2.54,955.59,2018-10-01 14:15:00,3
1575,4.59,2.75,959.25,2018-10-01 14:16:00,3
1576,4.71,2.51,958.76,2018-10-01 14:17:00,3
1577,4.64,2.69,948.51,2018-10-01 14:18:00,3
1578,4.68,2.72,960.79,2018-10-01 14:19:00,3
1579,4.62,2.78,967.56,2018-10-01 14:20:00,3
1580,4.46,2.82,963.37,2018-10-01 14:21:00,3
1581,4.63,2.71,954.94,2018-10-01 14:22:00,3
1582,4.84,2.81,966.16,2018-10-01 14:23:00,3
1583,4.70,2.80,962.17,2018-10-01 14:24:00,3
1584,4.81,2.65,954.83,2018-10-01 14:25:00,3
1585,4.88,2.82,952.89,2018-10-01 14:26:00,3
1586,4.64,2.57,964.69,2018-10-01 14:27:00,3
1587,4.62,2.52,963.35,2018-10-01 14:28:00,3
1588,4.55,2.81,954.23,2018-10-01 14:29:00,3
1589,4.50,2.56,968.03,2018-10-01 14:30:00,3
1590,4.60,2.56,966.00,2018-10-01 14:31:00,3
1591,4.79,2.58,948.26,2018-10-01 14:32:00,3
1592,4.87,2.81,956.64,2018-10-01 14:33:00,3
1593,4.70,2.49,961.85,2018-10-01 14:34:00,3
1594,4.52,2.50,956.25,2018-10-01 14:35:00,3
1595,4.75,2.45,954.17,2018-10-01 14:36:00,3
1596,4.42,2.63,967.16,2018-10-01 14:37:00,3
1597,4.88,2.54,961.14,2018-10-01 14:38:00,3
1598,4.41,2.45,951.94,2018-10-01 14:39:00,3
1599,4.42,2.59,952.27,2018-10-01 14:40:00,3
1600,4.36,2.55,960.64,2018-10-01 14:41:00,3
1601,4.78,2.55,959.92,2018-10-01 14:42:00,3
1602,4.43,2.66,962.43,2018-10-01 14:43:00,3
1603,4.71,2.73,959.05,2018-10-01 14:44:00,3
1604,4.79,2.60,959.06,2018-10-01 14:45:00,3
1605,4.63,2.55,962.51,2018-10-01 14:46:00,3
1606,4.55,2.74,957.13,2018-10-01 14:47:00,3
1607,4.46,2.81,960.17,2018-10-01 14:48:00,3
1608,4.62,2.66,947.60,2018-10-01 14:49:00,3
1609,4.77,2.72,966.55,2018-10-01 14:50:00,3
1610,4.83,2.83,966.31,2018-10-01 14:51:00,3
1611,4.36,2.84,960.90,2018-10-01 14:52:00,3
1612,4.67,2.69,963.84,2018-10-01 14:53:00,3
1613,4.85,2.64,952.82,2018-10-01 14:54:00,3
1614,4.60,2.86,952.52,2018-10-01 14:55:00,3
1615,4.46,2.88,948.46,2018-10-01 14:56:00,3
1616,4.72,2.66,951.49,2018-10-01 14:57:00,3
1617,4.44,2.67,950.23,2018-10-01 14:58:00,3
1618,4.46,2.57,968.63,2018-10-01 14:59:00,3
1619,4.52,2.83,963.98,2018-10-01 15:00:00,3
1620,4.42,2.50,948.77,2018-10-01 15:01:00,3
1621,4.43,2.84,947.68,2018-10-01 15:02:00,3
1622,4.76,2.84,959.38,2018-10-01 15:03:00,3
1623,4.35,2.57,949.89,2018-10-01 15:04:00,3
1624,4.48,2.50,967.02,2018-10-01 15:05:00,3
1625,4.65,2.78,960.71,2018-10-01 15:06:00,3
1626,4.74,2.56,965.52,2018-10-01 15:07:00,3
1627,4.82,2.75,948.91,2018-10-01 15:08:00,3
1628,4.81,2.64,956.36,2018-10-01 15:09:00,3
1629,4.40,2.71,962.03,2018-10-01 15:10:00,3
1630,4.87,2.57,958.97,2018-10-01 15:11:00,3
1631,4.83,2.81,966.78,2018-10-01 15:12:00,3
1632,4.86,2.64,958.93,2018-10-01 15:13:00,3
1633,4.36,2.61,961.91,2018-10-01 15:14:00,3
1634,4.64,2.53,960.91,2018-10-01 15:15:00,3
1635,4.78,2.74,959.46,2018-10-01 15:16:00,3
1636,4.63,2.66,958.63,2018-10-01 15:17:00,3
1637,4.51,2.46,963.86,2018-10-01 15:18:00,3
1638,4.66,2.72,961.54,2018-10-01 15:19:00,3
1639,4.37,2.86,949.70,2018-10-01 15:20:00,3
1640,4.64,2.45,953.65,2018-10-01 15:21:00,3
1641,4.47,2.53,961.75,2018-10-01 15:22:00,3
1642,4.83,2.52,955.60,2018-10-01 15:23:00,3
1643,4.69,2.87,955.17,2018-10-01 15:24:00,3
1644,4.73,2.81,958.92,2018-10-01 15:25:00,3
1645,4.76,2.54,946.82,2018-10-01 15:26:00,3
1646,4.74,2.48,967.54,2018-10-01 15:27:00,3
1647,4.52,2.51,956.48,2018-10-01 15:28:00,3
1648,4.75,2.54,946.95,2018-10-01 15:29:00,3
1649,4.72,2.59,962.99,2018-10-01 15:30:00,3
1650,4.84,2.66,968.22,2018-10-01 15:31:00,3
1651,4.57,2.80,954.29,2018-10-01 15:32:00,3
1652,4.36,2.85,952.04,2018-10-01 15:33:00,3
1653,4.47,2.83,950.27,2018-10-01 15:34:00,3
1654,4.50,2.46,953.78,2018-10-01 15:35:00,3
1655,4.88,2.78,965.82,2018-10-01 15:36:00,3
1656,4.58,2.52,957.57,2018-10-01 15:37:00,3
1657,4.60,2.46,951.19,2018-10-01 15:38:00,3
1658,4.44,2.74,948.43,2018-10-01 15:39:00,3
1659,4.44,2.51,952.04,2018-10-01 15:40:00,3
1660,4.41,2.80,947.17,2018-10-01 15:41:00,3
1661,4.49,2.71,951.86,2018-10-01 15:42:00,3
1662,4.69,2.50,965.26,2018-10-01 15:43:00,3
1663,4.77,2.73,966.90,2018-10-01 15:44:00,3
1664,4.79,2.49,968.23,2018-10-01 15:45:00,3
1665,4.59,2.82,968.81,2018-10-01 15:46:00,3
1666,4.63,2.44,952.90,2018-10-01 15:47:00,3
1667,4.84,2.71,964.08,2018-10-01 15:48:00,3
1668,4.67,2.72,949.63,2018-10-01 15:49:00,3
1669,4.61,2.66,964.44,2018-10-01 15:50:00,3
1670,4.53,2.47,952.10,2018-10-01 15:51:00,3
1671,4.45,2.53,964.31,2018-10-01 15:52:00,3
1672,4.65,3.11,936.87,2018-10-01 15:53:00,3
1673,4.53,3.46,932.19,2018-10-01 15:54:00,3
1674,4.91,3.37,930.21,2018-10-01 15:55:00,3
1675,4.96,3.29,938.20,2018-10-01 15:56:00,3
1676,5.00,3.11,944.13,2018-10-01 15:57:00,3
1677,5.00,3.35,937.73,2018-10-01 15:58:00,3
1678,4.88,2.85,931.22,2018-10-01 15:59:00,3
1679,4.96,3.13,929.49,2018-10-01 16:00:00,3
1680,4.91,3.19,942.66,2018-10-01 16:01:00,3
1681,4.95,2.89,932.17,2018-10-01 16:02:00,3
1682,4.86,2.83,942.51,2018-10-01 16:03:00,3
1683,4.88,2.92,935.94,2018-10-01 16:04:00,3
1684,4.98,3.28,937.55,2018-10-01 16:05:00,3
1685,4.93,3.21,936.51,2018-10-01 16:06:00,3
1686,4.93,2.89,940.44,2018-10-01 16:07:00,3
1687,5.00,3.02,941.84,2018-10-01 16:08:00,3
1688,4.99,3.37,939.34,2018-10-01 16:09:00,3
1689,4.97,3.36,930.99,2018-10-01 16:10:00,3
1690,4.93,3.39,934.94,2018-10-01 16:11:00,3
1691,4.97,3.07,929.51,2018-10-01 16:12:00,3
1692,4.96,3.14,938.23,2018-10-01 16:13:00,3
1693,4.96,2.93,938.72,2018-10-01 16:14:00,3
1694,5.00,3.43,935.19,2018-10-01 16:15:00,3
1695,4.87,3.32,936.92,2018-10-01 16:16:00,3
1696,4.89,2.86,929.82,2018-10-01 16:17:00,3
1697,4.88,3.38,942.54,2018-10-01 16:18:00,3
1698,4.93,3.34,928.42,2018-10-01 16:19:00,3
1699,4.94,3.16,935.78,2018-10-01 16:20:00,3
1700,4.86,3.05,930.03,2018-10-01 16:21:00,3
1701,4.92,3.14,929.30,2018-10-01 16:22:00,3
1702,4.89,3.23,936.19,2018-10-01 16:23:00,3
1703,4.92,3.48,943.34,2018-10-01 16:24:00,3
1704,5.00,3.00,943.71,2018-10-01 16:25:00,3
1705,4.96,3.21,934.57,2018-10-01 16:26:00,3
1706,4.88,3.41,933.28,2018-10-01 16:27:00,3
1707,4.85,3.51,932.36,2018-10-01 16:28:00,3
1708,4.94,3.05,932.88,2018-10-01 16:29:00,3
1709,4.87,3.46,934.82,2018-10-01 16:30:00,3
1710,4.97,3.10,941.84,2018-10-01 16:31:00,3
1711,4.94,2.88,934.10,2018-10-01 16:32:00,3
1712,4.92,3.21,938.10,2018-10-01 16:33:00,3
1713,4.98,3.26,933.62,2018-10-01 16:34:00,3
1714,4.91,3.37,939.61,2018-10-01 16:35:00,3
1715,4.93,3.47,936.63,2018-10-01 16:36:00,3
1716,4.88,3.26,941.72,2018-10-01 16:37:00,3
1717,4.89,3.50,934.97,2018-10-01 16:38:00,3
1718,4.99,2.96,939.94,2018-10-01 16:39:00,3
1719,8.97,5.90,186.52,2019-01-01 13:43:00,1
1720,9.19,5.93,185.82,2019-01-01 13:44:00,1
1721,8.82,6.00,182.22,2019-01-01 13:45:00,1
1722,9.78,5.86,195.46,2019-01-01 13:46:00,1
1723,9.25,6.01,198.22,2019-01-01 13:47:00,1
1724,9.00,5.89,183.74,2019-01-01 13:48:00,1
1725,8.89,5.98,194.19,2019-01-01 13:49:00,1
1726,8.73,5.89,183.62,2019-01-01 13:50:00,1
1727,8.74,5.94,182.92,2019-01-01 13:51:00,1
1728,8.81,5.89,201.75,2019-01-01 13:52:00,1
1729,9.12,5.96,195.28,2019-01-01 13:53:00,1
1730,9.48,5.93,183.56,2019-01-01 13:54:00,1
1731,8.59,5.98,193.30,2019-01-01 13:55:00,1
1732,9.64,5.98,189.19,2019-01-01 13:56:00,1
1733,9.55,5.96,196.42,2019-01-01 13:57:00,1
1734,9.70,5.92,182.01,2019-01-01 13:58:00,1
1735,9.53,5.98,187.62,2019-01-01 13:59:00,1
1736,8.85,5.89,201.51,2019-01-01 14:00:00,1
1737,8.93,5.92,197.78,2019-01-01 14:01:00,1
1738,8.90,5.97,181.98,2019-01-01 14:02:00,1
1739,8.67,5.92,183.98,2019-01-01 14:03:00,1
1740,9.33,5.97,183.90,2019-01-01 14:04:00,1
1741,8.83,5.99,190.25,2019-01-01 14:05:00,1
1742,8.63,5.87,184.23,2019-01-01 14:06:00,1
1743,8.63,5.88,182.07,2019-01-01 14:07:00,1
1744,9.40,5.87,186.57,2019-01-01 14:08:00,1
1745,9.03,5.96,201.05,2019-01-01 14:09:00,1
1746,8.60,5.88,183.55,2019-01-01 14:10:00,1
1747,9.42,5.92,197.75,2019-01-01 14:11:00,1
1748,8.70,5.97,199.51,2019-01-01 14:12:00,1
1749,9.29,5.97,194.59,2019-01-01 14:13:00,1
1750,8.97,6.01,188.84,2019-01-01 14:14:00,1
1751,8.59,5.99,186.15,2019-01-01 14:15:00,1
1752,9.62,6.01,199.98,2019-01-01 14:16:00,1
1753,9.54,5.92,188.01,2019-01-01 14:17:00,1
1754,8.72,5.87,182.24,2019-01-01 14:18:00,1
1755,8.76,5.99,195.86,2019-01-01 14:19:00,1
1756,9.02,5.89,187.51,2019-01-01 14:20:00,1
1757,9.49,5.95,194.82,2019-01-01 14:21:00,1
1758,9.30,5.93,191.64,2019-01-01 14:22:00,1
1759,8.99,5.89,199.53,2019-01-01 14:23:00,1
1760,9.69,6.02,199.75,2019-01-01 14:24:00,1
1761,9.57,5.99,185.48,2019-01-01 14:25:00,1
1762,9.75,6.00,194.46,2019-01-01 14:26:00,1
1763,8.90,6.02,195.49,2019-01-01 14:27:00,1
1764,9.47,5.94,184.84,2019-01-01 14:28:00,1
1765,9.24,5.94,197.46,2019-01-01 14:29:00,1
1766,9.70,6.01,198.77,2019-01-01 14:30:00,1
1767,9.19,5.87,193.32,2019-01-01 14:31:00,1
1768,9.12,5.91,198.15,2019-01-01 14:32:00,1
1769,9.48,5.91,195.31,2019-01-01 14:33:00,1
1770,8.58,5.92,190.10,2019-01-01 14:34:00,1
1771,8.83,6.02,186.26,2019-01-01 14:35:00,1
1772,9.34,5.96,193.64,2019-01-01 14:36:00,1
1773,9.02,5.97,199.30,2019-01-01 14:37:00,1
1774,9.57,5.95,197.87,2019-01-01 14:38:00,1
1775,9.36,5.98,198.04,2019-01-01 14:39:00,1
1776,9.63,5.93,184.84,2019-01-01 14:40:00,1
1777,9.65,5.95,196.58,2019-01-01 14:41:00,1
1778,9.30,6.03,201.45,2019-01-01 14:42:00,1
1779,8.79,5.88,200.83,2019-01-01 14:43:00,1
1780,9.44,5.88,196.58,2019-01-01 14:44:00,1
1781,9.20,5.93,192.61,2019-01-01 14:45:00,1
1782,9.41,5.99,191.21,2019-01-01 14:46:00,1
1783,8.71,5.93,181.84,2019-01-01 14:47:00,1
1784,9.03,5.90,183.73,2019-01-01 14:48:00,1
1785,9.71,6.02,192.61,2019-01-01 14:49:00,1
1786,9.04,5.88,195.03,2019-01-01 14:50:00,1
1787,9.39,5.94,187.02,2019-01-01 14:51:00,1
1788,9.49,5.98,185.32,2019-01-01 14:52:00,1
1789,9.63,5.96,199.09,2019-01-01 14:53:00,1
1790,9.19,5.91,186.98,2019-01-01 14:54:00,1
1791,9.12,5.88,183.37,2019-01-01 14:55:00,1
1792,8.88,5.97,201.52,2019-01-01 14:56:00,1
1793,9.36,5.87,184.98,2019-01-01 14:57:00,1
1794,9.49,5.97,199.31,2019-01-01 14:58:00,1
1795,9.12,5.95,182.05,2019-01-01 14:59:00,1
1796,9.27,5.98,193.43,2019-01-01 15:00:00,1
1797,9.61,5.93,187.92,2019-01-01 15:01:00,1
1798,9.54,5.97,201.72,2019-01-01 15:02:00,1
1799,8.72,6.00,189.15,2019-01-01 15:03:00,1
1800,8.57,5.90,181.72,2019-01-01 15:04:00,1
1801,8.76,5.99,192.92,2019-01-01 15:05:00,1
1802,9.54,5.88,195.27,2019-01-01 15:06:00,1
1803,9.42,5.87,187.85,2019-01-01 15:07:00,1
1804,8.67,5.95,200.42,2019-01-01 15:08:00,1
1805,9.64,6.01,187.19,2019-01-01 15:09:00,1
1806,9.07,6.01,192.71,2019-01-01 15:10:00,1
1807,9.23,6.03,184.23,2019-01-01 15:11:00,1
1808,8.75,5.91,187.86,2019-01-01 15:12:00,1
1809,9.39,6.01,199.54,2019-01-01 15:13:00,1
1810,8.92,5.99,192.45,2019-01-01 15:14:00,1
1811,9.44,5.94,201.43,2019-01-01 15:15:00,1
1812,9.33,6.00,197.06,2019-01-01 15:16:00,1
1813,9.76,5.99,184.79,2019-01-01 15:17:00,1
1814,9.07,6.00,182.50,2019-01-01 15:18:00,1
1815,9.55,6.01,184.92,2019-01-01 15:19:00,1
1816,9.46,5.97,196.59,2019-01-01 15:20:00,1
1817,9.53,5.96,188.40,2019-01-01 15:21:00,1
1818,8.93,5.98,202.01,2019-01-01 15:22:00,1
1819,9.06,6.03,182.39,2019-01-01 15:23:00,1
1820,9.38,5.94,200.42,2019-01-01 15:24:00,1
1821,8.92,5.88,197.25,2019-01-01 15:25:00,1
1822,9.11,5.95,187.19,2019-01-01 15:26:00,1
1823,8.83,5.88,188.76,2019-01-01 15:27:00,1
1824,9.16,5.88,183.32,2019-01-01 15:28:00,1
1825,9.72,5.90,191.76,2019-01-01 15:29:00,1
1826,9.33,5.89,194.35,2019-01-01 15:30:00,1
1827,9.71,5.88,189.00,2019-01-01 15:31:00,1
1828,8.63,5.89,189.78,2019-01-01 15:32:00,1
1829,8.77,5.93,199.93,2019-01-01 15:33:00,1
1830,9.23,5.92,192.83,2019-01-01 15:34:00,1
1831,9.34,5.92,194.51,2019-01-01 15:35:00,1
1832,8.58,5.87,187.06,2019-01-01 15:36:00,1
1833,8.65,5.94,183.40,2019-01-01 15:37:00,1
1834,9.71,5.99,182.08,2019-01-01 15:38:00,1
1835,8.82,6.00,189.62,2019-01-01 15:39:00,1
1836,8.63,5.98,201.59,2019-01-01 15:40:00,1
1837,9.59,5.99,193.32,2019-01-01 15:41:00,1
1838,9.23,6.03,184.06,2019-01-01 15:42:00,1
1839,8.77,5.96,194.81,2019-01-01 15:43:00,1
1840,8.67,5.90,185.88,2019-01-01 15:44:00,1
1841,8.89,5.86,186.91,2019-01-01 15:45:00,1
1842,8.82,6.00,201.51,2019-01-01 15:46:00,1
1843,9.57,6.03,181.03,2019-01-01 15:47:00,1
1844,9.69,5.94,193.53,2019-01-01 15:48:00,1
1845,8.74,5.95,195.77,2019-01-01 15:49:00,1
1846,9.37,5.86,187.73,2019-01-01 15:50:00,1
1847,8.91,5.99,198.76,2019-01-01 15:51:00,1
1848,8.76,5.88,186.41,2019-01-01 15:52:00,1
1849,8.70,5.89,181.75,2019-01-01 15:53:00,1
1850,8.79,5.86,188.09,2019-01-01 15:54:00,1
1851,9.51,6.03,200.18,2019-01-01 15:55:00,1
1852,9.16,5.94,189.27,2019-01-01 15:56:00,1
1853,9.67,6.03,198.75,2019-01-01 15:57:00,1
1854,8.71,5.99,186.71,2019-01-01 15:58:00,1
1855,9.73,5.97,201.69,2019-01-01 15:59:00,1
1856,9.16,6.01,192.34,2019-01-01 16:00:00,1
1857,9.78,5.96,197.52,2019-01-01 16:01:00,1
1858,9.58,5.86,186.02,2019-01-01 16:02:00,1
1859,8.66,5.98,186.60,2019-01-01 16:03:00,1
1860,9.52,5.98,193.04,2019-01-01 16:04:00,1
1861,8.61,5.94,194.49,2019-01-01 16:05:00,1
1862,9.50,5.98,193.53,2019-01-01 16:06:00,1
1863,9.71,5.88,197.43,2019-01-01 16:07:00,1
1864,9.73,5.98,187.13,2019-01-01 16:08:00,1
1865,8.61,6.01,188.91,2019-01-01 16:09:00,1
1866,8.91,5.93,201.50,2019-01-01 16:10:00,1
1867,9.67,6.00,184.33,2019-01-01 16:11:00,1
1868,8.72,5.89,187.57,2019-01-01 16:12:00,1
1869,9.00,5.87,201.98,2019-01-01 16:13:00,1
1870,8.95,5.93,187.04,2019-01-01 16:14:00,1
1871,9.01,5.99,192.40,2019-01-01 16:15:00,1
1872,8.61,6.00,198.41,2019-01-01 16:16:00,1
1873,9.13,5.99,189.10,2019-01-01 16:17:00,1
1874,9.52,5.97,185.42,2019-01-01 16:18:00,1
1875,9.07,5.89,197.08,2019-01-01 16:19:00,1
1876,9.05,5.90,193.63,2019-01-01 16:20:00,1
1877,9.76,5.91,201.89,2019-01-01 16:21:00,1
1878,8.62,6.02,194.44,2019-01-01 16:22:00,1
1879,8.99,6.01,187.94,2019-01-01 16:23:00,1
1880,8.75,5.98,182.38,2019-01-01 16:24:00,1
1881,8.73,5.99,186.91,2019-01-01 16:25:00,1
1882,8.84,5.95,191.79,2019-01-01 16:26:00,1
1883,9.31,5.86,180.75,2019-01-01 16:27:00,1
1884,9.60,5.89,190.33,2019-01-01 16:28:00,1
1885,9.10,6.01,201.54,2019-01-01 16:29:00,1
1886,9.47,5.93,197.13,2019-01-01 16:30:00,1
1887,9.76,5.89,191.74,2019-01-01 16:31:00,1
1888,8.82,5.96,194.26,2019-01-01 16:32:00,1
1889,9.71,5.89,184.98,2019-01-01 16:33:00,1
1890,9.01,5.87,193.62,2019-01-01 16:34:00,1
1891,9.08,5.97,199.70,2019-01-01 16:35:00,1
1892,8.71,5.87,194.56,2019-01-01 16:36:00,1
1893,8.70,5.87,189.95,2019-01-01 16:37:00,1
1894,9.04,5.94,184.30,2019-01-01 16:38:00,1
1895,9.49,5.89,181.42,2019-01-01 16:39:00,1
1896,10.42,4.91,1001.79,2019-01-01 13:43:00,2
1897,10.28,5.07,1235.73,2019-01-01 13:44:00,2
1898,10.18,4.57,1190.04,2019-01-01 13:45:00,2
1899,10.10,4.32,1072.83,2019-01-01 13:46:00,2
1900,10.41,4.90,1044.77,2019-01-01 13:47:00,2
1901,10.35,5.00,1111.71,2019-01-01 13:48:00,2
1902,10.51,4.36,1201.19,2019-01-01 13:49:00,2
1903,10.44,4.43,1059.19,2019-01-01 13:50:00,2
1904,10.56,4.74,1170.53,2019-01-01 13:51:00,2
1905,10.42,5.08,1128.06,2019-01-01 13:52:00,2
1906,9.87,4.87,1227.09,2019-01-01 13:53:00,2
1907,10.07,4.60,1156.87,2019-01-01 13:54:00,2
1908,10.62,4.46,1002.07,2019-01-01 13:55:00,2
1909,10.30,5.01,1139.42,2019-01-01 13:56:00,2
1910,10.56,4.38,1301.28,2019-01-01 13:57:00,2
1911,10.18,4.81,995.51,2019-01-01 13:58:00,2
1912,10.44,4.76,981.63,2019-01-01 13:59:00,2
1913,10.09,4.85,1075.47,2019-01-01 14:00:00,2
1914,10.35,4.54,1160.99,2019-01-01 14:01:00,2
1915,10.06,4.60,1296.66,2019-01-01 14:02:00,2
1916,9.98,4.84,1133.52,2019-01-01 14:03:00,2
1917,10.25,4.93,1254.18,2019-01-01 14:04:00,2
1918,10.39,4.59,1111.69,2019-01-01 14:05:00,2
1919,10.41,4.36,986.79,2019-01-01 14:06:00,2
1920,10.20,5.04,1000.55,2019-01-01 14:07:00,2
1921,9.96,4.46,980.34,2019-01-01 14:08:00,2
1922,9.89,4.36,1074.43,2019-01-01 14:09:00,2
1923,9.92,4.96,1161.83,2019-01-01 14:10:00,2
1924,10.07,4.51,1291.07,2019-01-01 14:11:00,2
1925,10.14,4.50,1005.24,2019-01-01 14:12:00,2
1926,10.17,4.98,1041.41,2019-01-01 14:13:00,2
1927,10.56,4.61,1243.53,2019-01-01 14:14:00,2
1928,10.13,4.50,1072.04,2019-01-01 14:15:00,2
1929,10.31,4.38,1017.21,2019-01-01 14:16:00,2
1930,10.13,4.57,994.39,2019-01-01 14:17:00,2
1931,10.39,4.52,1294.38,2019-01-01 14:18:00,2
1932,10.26,4.46,1127.14,2019-01-01 14:19:00,2
1933,10.47,4.49,980.95,2019-01-01 14:20:00,2
1934,10.01,4.34,1090.16,2019-01-01 14:21:00,2
1935,10.27,4.68,1120.80,2019-01-01 14:22:00,2
1936,10.34,4.68,1292.76,2019-01-01 14:23:00,2
1937,9.87,4.95,1256.50,2019-01-01 14:24:00,2
1938,9.97,4.65,1264.04,2019-01-01 14:25:00,2
1939,10.08,4.45,1242.27,2019-01-01 14:26:00,2
1940,10.40,4.52,1128.17,2019-01-01 14:27:00,2
1941,10.45,4.56,1076.81,2019-01-01 14:28:00,2
1942,10.44,4.79,1103.90,2019-01-01 14:29:00,2
1943,10.03,4.58,1073.77,2019-01-01 14:30:00,2
1944,10.03,4.92,1305.57,2019-01-01 14:31:00,2
1945,9.89,5.07,1297.49,2019-01-01 14:32:00,2
1946,10.20,4.40,1011.99,2019-01-01 14:33:00,2
1947,10.35,4.35,1101.45,2019-01-01 14:34:00,2
1948,10.02,4.75,994.66,2019-01-01 14:35:00,2
1949,10.25,4.53,1008.67,2019-01-01 14:36:00,2
1950,10.01,5.00,1099.05,2019-01-01 14:37:00,2
1951,10.54,4.60,1119.66,2019-01-01 14:38:00,2
1952,10.43,4.62,1171.81,2019-01-01 14:39:00,2
1953,9.86,4.77,1063.21,2019-01-01 14:40:00,2
1954,10.19,4.71,994.32,2019-01-01 14:41:00,2
1955,10.39,4.98,1255.54,2019-01-01 14:42:00,2
1956,10.11,4.57,1085.17,2019-01-01 14:43:00,2
1957,10.20,4.58,999.36,2019-01-01 14:44:00,2
1958,10.63,4.66,1228.86,2019-01-01 14:45:00,2
1959,10.42,4.44,1052.91,2019-01-01 14:46:00,2
1960,10.38,4.95,984.90,2019-01-01 14:47:00,2
1961,10.65,4.64,1124.23,2019-01-01 14:48:00,2
1962,10.34,4.94,1060.31,2019-01-01 14:49:00,2
1963,10.66,4.66,1038.90,2019-01-01 14:50:00,2
1964,10.40,4.52,1169.80,2019-01-01 14:51:00,2
1965,10.57,4.57,1109.69,2019-01-01 14:52:00,2
1966,10.19,4.51,1084.97,2019-01-01 14:53:00,2
1967,10.36,5.03,1157.31,2019-01-01 14:54:00,2
1968,10.39,4.43,1019.89,2019-01-01 14:55:00,2
1969,10.10,4.81,986.68,2019-01-01 14:56:00,2
1970,10.09,4.47,1020.54,2019-01-01 14:57:00,2
1971,10.00,4.71,1013.50,2019-01-01 14:58:00,2
1972,10.28,4.78,1069.01,2019-01-01 14:59:00,2
1973,9.97,4.33,1199.34,2019-01-01 15:00:00,2
1974,10.56,4.36,987.42,2019-01-01 15:01:00,2
1975,10.11,4.36,1141.24,2019-01-01 15:02:00,2
1976,10.44,4.82,1087.67,2019-01-01 15:03:00,2
1977,10.41,4.48,988.74,2019-01-01 15:04:00,2
1978,10.54,4.69,1153.72,2019-01-01 15:05:00,2
1979,10.20,4.99,1163.31,2019-01-01 15:06:00,2
1980,10.62,5.05,1070.98,2019-01-01 15:07:00,2
1981,9.95,5.00,1292.54,2019-01-01 15:08:00,2
1982,10.00,4.86,1019.68,2019-01-01 15:09:00,2
1983,9.98,4.79,1298.46,2019-01-01 15:10:00,2
1984,10.60,4.66,1134.08,2019-01-01 15:11:00,2
1985,10.29,4.60,1103.56,2019-01-01 15:12:00,2
1986,10.60,4.68,1037.75,2019-01-01 15:13:00,2
1987,9.91,4.92,1096.30,2019-01-01 15:14:00,2
1988,9.91,4.82,1285.53,2019-01-01 15:15:00,2
1989,10.19,4.61,1109.37,2019-01-01 15:16:00,2
1990,9.89,4.69,1103.39,2019-01-01 15:17:00,2
1991,9.90,4.68,1301.97,2019-01-01 15:18:00,2
1992,10.07,4.93,1014.70,2019-01-01 15:19:00,2
1993,10.16,4.67,1284.00,2019-01-01 15:20:00,2
1994,10.56,4.85,1237.84,2019-01-01 15:21:00,2
1995,10.62,4.89,1103.62,2019-01-01 15:22:00,2
1996,10.40,4.37,1152.18,2019-01-01 15:23:00,2
1997,10.23,4.77,1288.16,2019-01-01 15:24:00,2
1998,10.27,5.03,1118.22,2019-01-01 15:25:00,2
1999,10.30,4.77,1209.37,2019-01-01 15:26:00,2
2000,10.57,4.91,1208.11,2019-01-01 15:27:00,2
2001,9.97,4.65,1277.44,2019-01-01 15:28:00,2
2002,9.95,4.61,1288.57,2019-01-01 15:29:00,2
2003,10.42,4.48,1146.70,2019-01-01 15:30:00,2
2004,10.44,4.88,1136.17,2019-01-01 15:31:00,2
2005,10.26,4.42,1265.81,2019-01-01 15:32:00,2
2006,10.59,4.75,1030.29,2019-01-01 15:33:00,2
2007,10.01,5.04,1016.70,2019-01-01 15:34:00,2
2008,10.32,4.80,1126.61,2019-01-01 15:35:00,2
2009,10.05,4.40,1225.29,2019-01-01 15:36:00,2
2010,10.22,4.39,1205.31,2019-01-01 15:37:00,2
2011,9.95,4.84,1148.10,2019-01-01 15:38:00,2
2012,10.07,4.70,1003.28,2019-01-01 15:39:00,2
2013,9.83,4.61,1134.93,2019-01-01 15:40:00,2
2014,10.67,4.53,1072.46,2019-01-01 15:41:00,2
2015,9.93,4.42,1190.76,2019-01-01 15:42:00,2
2016,10.35,4.88,1054.01,2019-01-01 15:43:00,2
2017,10.30,4.32,1253.57,2019-01-01 15:44:00,2
2018,9.86,5.00,1103.08,2019-01-01 15:45:00,2
2019,9.93,4.72,1031.27,2019-01-01 15:46:00,2
2020,9.87,4.91,1063.76,2019-01-01 15:47:00,2
2021,10.62,5.05,1055.31,2019-01-01 15:48:00,2
2022,10.30,4.38,1298.88,2019-01-01 15:49:00,2
2023,10.61,4.99,1107.12,2019-01-01 15:50:00,2
2024,10.32,4.49,1262.39,2019-01-01 15:51:00,2
2025,9.99,4.88,1223.16,2019-01-01 15:52:00,2
2026,10.39,4.87,1089.61,2019-01-01 15:53:00,2
2027,10.37,4.74,1102.99,2019-01-01 15:54:00,2
2028,10.63,4.51,1072.03,2019-01-01 15:55:00,2
2029,9.86,4.37,990.27,2019-01-01 15:56:00,2
2030,10.05,4.83,1229.33,2019-01-01 15:57:00,2
2031,9.83,4.70,1255.27,2019-01-01 15:58:00,2
2032,10.08,4.41,1228.72,2019-01-01 15:59:00,2
2033,10.10,5.07,1176.92,2019-01-01 16:00:00,2
2034,9.87,4.72,1274.47,2019-01-01 16:01:00,2
2035,9.94,4.99,1096.61,2019-01-01 16:02:00,2
2036,10.20,4.55,1210.89,2019-01-01 16:03:00,2
2037,10.27,4.82,1224.27,2019-01-01 16:04:00,2
2038,10.24,4.84,1281.69,2019-01-01 16:05:00,2
2039,10.37,4.42,1127.94,2019-01-01 16:06:00,2
2040,10.34,4.93,1179.04,2019-01-01 16:07:00,2
2041,10.28,4.34,1213.07,2019-01-01 16:08:00,2
2042,10.38,4.43,1274.68,2019-01-01 16:09:00,2
2043,10.06,5.05,1176.98,2019-01-01 16:10:00,2
2044,10.52,4.85,1058.97,2019-01-01 16:11:00,2
2045,10.50,4.70,1028.76,2019-01-01 16:12:00,2
2046,9.92,4.93,1068.71,2019-01-01 16:13:00,2
2047,10.18,5.01,980.09,2019-01-01 16:14:00,2
2048,10.30,4.44,1069.90,2019-01-01 16:15:00,2
2049,10.49,5.01,1119.09,2019-01-01 16:16:00,2
2050,10.22,4.55,1060.99,2019-01-01 16:17:00,2
2051,10.65,4.56,1151.84,2019-01-01 16:18:00,2
2052,10.12,4.86,1175.23,2019-01-01 16:19:00,2
2053,10.52,4.70,1052.95,2019-01-01 16:20:00,2
2054,10.20,4.88,1163.07,2019-01-01 16:21:00,2
2055,10.46,4.47,1165.94,2019-01-01 16:22:00,2
2056,9.87,4.43,998.90,2019-01-01 16:23:00,2
2057,10.60,4.74,991.70,2019-01-01 16:24:00,2
2058,10.01,4.95,1150.36,2019-01-01 16:25:00,2
2059,10.43,4.47,1179.42,2019-01-01 16:26:00,2
2060,10.49,4.89,1110.74,2019-01-01 16:27:00,2
2061,10.38,4.71,993.97,2019-01-01 16:28:00,2
2062,10.55,4.80,1014.68,2019-01-01 16:29:00,2
2063,10.43,4.86,1268.17,2019-01-01 16:30:00,2
2064,10.25,4.47,1162.34,2019-01-01 16:31:00,2
2065,10.64,4.94,1076.67,2019-01-01 16:32:00,2
2066,10.15,5.04,1006.00,2019-01-01 16:33:00,2
2067,10.35,4.66,979.34,2019-01-01 16:34:00,2
2068,10.13,4.81,1245.53,2019-01-01 16:35:00,2
2069,9.86,4.49,1101.56,2019-01-01 16:36:00,2
2070,10.13,4.74,1280.62,2019-01-01 16:37:00,2
2071,10.23,4.41,1166.40,2019-01-01 16:38:00,2
2072,10.59,4.70,1177.01,2019-01-01 16:39:00,2
2073,5.69,4.41,1016.53,2019-01-01 13:43:00,3
2074,6.26,4.34,1365.45,2019-01-01 13:44:00,3
2075,6.09,4.38,1397.40,2019-01-01 13:45:00,3
2076,6.56,4.37,1120.42,2019-01-01 13:46:00,3
2077,6.35,4.37,1335.11,2019-01-01 13:47:00,3
2078,6.62,4.54,1166.00,2019-01-01 13:48:00,3
2079,5.70,4.57,1227.27,2019-01-01 13:49:00,3
2080,5.76,4.51,986.03,2019-01-01 13:50:00,3
2081,6.38,4.36,1379.99,2019-01-01 13:51:00,3
2082,6.62,4.75,1141.53,2019-01-01 13:52:00,3
2083,5.95,4.73,1146.77,2019-01-01 13:53:00,3
2084,6.39,4.71,990.46,2019-01-01 13:54:00,3
2085,6.52,4.36,1025.27,2019-01-01 13:55:00,3
2086,5.67,4.71,1074.74,2019-01-01 13:56:00,3
2087,5.92,4.35,1249.89,2019-01-01 13:57:00,3
2088,5.90,4.67,1131.21,2019-01-01 13:58:00,3
2089,6.33,4.73,1019.98,2019-01-01 13:59:00,3
2090,6.40,4.71,1243.64,2019-01-01 14:00:00,3
2091,5.69,4.40,1356.58,2019-01-01 14:01:00,3
2092,6.27,4.39,1061.85,2019-01-01 14:02:00,3
2093,5.85,4.48,1094.29,2019-01-01 14:03:00,3
2094,6.67,4.75,1151.83,2019-01-01 14:04:00,3
2095,6.32,4.38,1310.92,2019-01-01 14:05:00,3
2096,6.51,4.51,964.36,2019-01-01 14:06:00,3
2097,6.52,4.24,1223.80,2019-01-01 14:07:00,3
2098,6.06,4.69,1308.67,2019-01-01 14:08:00,3
2099,5.73,4.43,1226.50,2019-01-01 14:09:00,3
2100,6.22,4.24,1078.13,2019-01-01 14:10:00,3
2101,6.27,4.75,1018.82,2019-01-01 14:11:00,3
2102,6.30,4.31,1037.60,2019-01-01 14:12:00,3
2103,5.81,4.55,1240.93,2019-01-01 14:13:00,3
2104,5.69,4.34,1116.53,2019-01-01 14:14:00,3
2105,6.21,4.69,1134.78,2019-01-01 14:15:00,3
2106,6.36,4.33,1059.61,2019-01-01 14:16:00,3
2107,6.50,4.29,1243.36,2019-01-01 14:17:00,3
2108,6.40,4.67,1165.33,2019-01-01 14:18:00,3
2109,5.68,4.23,1245.10,2019-01-01 14:19:00,3
2110,6.67,4.32,1116.88,2019-01-01 14:20:00,3
2111,5.80,4.70,1245.86,2019-01-01 14:21:00,3
2112,5.74,4.41,1400.39,2019-01-01 14:22:00,3
2113,6.38,4.40,1397.39,2019-01-01 14:23:00,3
2114,5.69,4.65,1162.03,2019-01-01 14:24:00,3
2115,6.55,4.64,1112.59,2019-01-01 14:25:00,3
2116,6.08,4.69,1321.84,2019-01-01 14:26:00,3
2117,5.67,4.35,984.61,2019-01-01 14:27:00,3
2118,6.41,4.64,1019.36,2019-01-01 14:28:00,3
2119,6.18,4.68,1181.22,2019-01-01 14:29:00,3
2120,6.10,4.39,1270.54,2019-01-01 14:30:00,3
2121,6.42,4.60,1329.10,2019-01-01 14:31:00,3
2122,6.63,4.24,1037.58,2019-01-01 14:32:00,3
2123,6.27,4.75,1091.10,2019-01-01 14:33:00,3
2124,5.83,4.76,1078.38,2019-01-01 14:34:00,3
2125,6.56,4.30,965.83,2019-01-01 14:35:00,3
2126,6.61,4.47,1054.95,2019-01-01 14:36:00,3
2127,6.27,4.50,1248.66,2019-01-01 14:37:00,3
2128,5.95,4.67,969.63,2019-01-01 14:38:00,3
2129,5.72,4.50,1295.21,2019-01-01 14:39:00,3
2130,6.21,4.47,1200.07,2019-01-01 14:40:00,3
2131,6.38,4.40,1373.43,2019-01-01 14:41:00,3
2132,6.35,4.69,1003.58,2019-01-01 14:42:00,3
2133,5.69,4.43,1373.03,2019-01-01 14:43:00,3
2134,6.65,4.61,1272.87,2019-01-01 14:44:00,3
2135,5.88,4.48,968.04,2019-01-01 14:45:00,3
2136,6.44,4.38,967.23,2019-01-01 14:46:00,3
2137,6.22,4.37,1365.67,2019-01-01 14:47:00,3
2138,5.85,4.68,1372.98,2019-01-01 14:48:00,3
2139,6.04,4.34,1171.11,2019-01-01 14:49:00,3
2140,6.15,4.71,1253.34,2019-01-01 14:50:00,3
2141,6.67,4.33,1091.81,2019-01-01 14:51:00,3
2142,5.74,4.54,1293.55,2019-01-01 14:52:00,3
2143,5.99,4.22,1125.79,2019-01-01 14:53:00,3
2144,6.48,4.27,1173.44,2019-01-01 14:54:00,3
2145,6.06,4.36,1345.85,2019-01-01 14:55:00,3
2146,6.57,4.60,1189.75,2019-01-01 14:56:00,3
2147,6.15,4.52,1257.45,2019-01-01 14:57:00,3
2148,5.86,4.26,994.58,2019-01-01 14:58:00,3
2149,6.17,4.60,1155.97,2019-01-01 14:59:00,3
2150,6.26,4.67,1218.18,2019-01-01 15:00:00,3
2151,6.53,4.59,1302.71,2019-01-01 15:01:00,3
2152,5.97,4.42,1396.28,2019-01-01 15:02:00,3
2153,5.69,4.39,964.97,2019-01-01 15:03:00,3
2154,6.58,4.47,1072.08,2019-01-01 15:04:00,3
2155,5.97,4.63,1322.05,2019-01-01 15:05:00,3
2156,5.92,4.27,1215.00,2019-01-01 15:06:00,3
2157,5.75,4.64,1276.86,2019-01-01 15:07:00,3
2158,5.90,4.44,1399.94,2019-01-01 15:08:00,3
2159,6.40,4.23,1325.60,2019-01-01 15:09:00,3
2160,6.47,4.42,1369.91,2019-01-01 15:10:00,3
2161,5.71,4.34,1348.33,2019-01-01 15:11:00,3
2162,6.26,4.55,1250.12,2019-01-01 15:12:00,3
2163,6.63,4.60,1128.69,2019-01-01 15:13:00,3
2164,6.06,4.62,1220.93,2019-01-01 15:14:00,3
2165,6.14,4.60,1336.17,2019-01-01 15:15:00,3
2166,6.22,4.28,1005.21,2019-01-01 15:16:00,3
2167,5.76,4.34,1013.77,2019-01-01 15:17:00,3
2168,6.04,4.23,1079.87,2019-01-01 15:18:00,3
2169,6.57,4.62,1140.00,2019-01-01 15:19:00,3
2170,6.42,4.34,1266.19,2019-01-01 15:20:00,3
2171,5.83,4.68,1171.62,2019-01-01 15:21:00,3
2172,6.31,4.37,1051.48,2019-01-01 15:22:00,3
2173,6.53,4.23,1275.94,2019-01-01 15:23:00,3
2174,6.63,4.51,1113.36,2019-01-01 15:24:00,3
2175,5.98,4.29,1396.92,2019-01-01 15:25:00,3
2176,6.26,4.57,1152.89,2019-01-01 15:26:00,3
2177,6.19,4.66,1208.88,2019-01-01 15:27:00,3
2178,5.70,4.43,1276.36,2019-01-01 15:28:00,3
2179,6.65,4.56,1225.43,2019-01-01 15:29:00,3
2180,6.22,4.72,1371.77,2019-01-01 15:30:00,3
2181,6.21,4.58,1192.23,2019-01-01 15:31:00,3
2182,6.47,4.45,1218.19,2019-01-01 15:32:00,3
2183,6.49,4.50,1384.40,2019-01-01 15:33:00,3
2184,6.51,4.73,1384.20,2019-01-01 15:34:00,3
2185,5.93,4.47,1266.99,2019-01-01 15:35:00,3
2186,6.60,4.26,1208.94,2019-01-01 15:36:00,3
2187,6.66,4.54,1161.54,2019-01-01 15:37:00,3
2188,6.53,4.56,1074.88,2019-01-01 15:38:00,3
2189,6.54,4.75,1115.21,2019-01-01 15:39:00,3
2190,6.33,4.78,1164.52,2019-01-01 15:40:00,3
2191,6.13,4.31,1174.25,2019-01-01 15:41:00,3
2192,6.00,4.74,1218.78,2019-01-01 15:42:00,3
2193,5.90,4.26,1097.62,2019-01-01 15:43:00,3
2194,6.09,4.61,1074.11,2019-01-01 15:44:00,3
2195,6.54,4.73,1111.26,2019-01-01 15:45:00,3
2196,5.71,4.76,1337.06,2019-01-01 15:46:00,3
2197,6.44,4.59,1007.85,2019-01-01 15:47:00,3
2198,6.12,4.36,1354.13,2019-01-01 15:48:00,3
2199,5.99,4.36,1386.57,2019-01-01 15:49:00,3
2200,6.47,4.77,1368.13,2019-01-01 15:50:00,3
2201,6.09,4.77,1221.89,2019-01-01 15:51:00,3
2202,6.45,4.46,1083.01,2019-01-01 15:52:00,3
2203,5.67,4.47,1136.70,2019-01-01 15:53:00,3
2204,6.27,4.42,1278.63,2019-01-01 15:54:00,3
2205,6.17,4.45,1385.52,2019-01-01 15:55:00,3
2206,5.81,4.75,965.95,2019-01-01 15:56:00,3
2207,6.30,4.76,1174.70,2019-01-01 15:57:00,3
2208,6.51,4.46,1045.06,2019-01-01 15:58:00,3
2209,6.40,4.44,1396.26,2019-01-01 15:59:00,3
2210,6.26,4.65,1040.60,2019-01-01 16:00:00,3
2211,6.31,4.49,1016.19,2019-01-01 16:01:00,3
2212,6.54,4.34,1121.18,2019-01-01 16:02:00,3
2213,6.22,4.63,1213.51,2019-01-01 16:03:00,3
2214,6.58,4.59,1349.59,2019-01-01 16:04:00,3
2215,6.05,4.52,1373.21,2019-01-01 16:05:00,3
2216,6.54,4.33,1034.57,2019-01-01 16:06:00,3
2217,6.17,4.27,1395.18,2019-01-01 16:07:00,3
2218,6.53,4.50,1404.00,2019-01-01 16:08:00,3
2219,6.17,4.55,1179.88,2019-01-01 16:09:00,3
2220,6.48,4.43,1369.11,2019-01-01 16:10:00,3
2221,5.81,4.26,1145.43,2019-01-01 16:11:00,3
2222,6.03,4.47,979.37,2019-01-01 16:12:00,3
2223,5.82,4.65,1388.07,2019-01-01 16:13:00,3
2224,5.85,4.32,1045.93,2019-01-01 16:14:00,3
2225,6.46,4.31,1271.41,2019-01-01 16:15:00,3
2226,6.49,4.46,1219.56,2019-01-01 16:16:00,3
2227,5.90,4.62,1166.96,2019-01-01 16:17:00,3
2228,6.06,4.76,997.57,2019-01-01 16:18:00,3
2229,5.79,4.35,1184.63,2019-01-01 16:19:00,3
2230,6.60,4.30,1117.37,2019-01-01 16:20:00,3
2231,6.14,4.72,1007.20,2019-01-01 16:21:00,3
2232,6.43,4.29,1136.58,2019-01-01 16:22:00,3
2233,6.65,4.70,1202.12,2019-01-01 16:23:00,3
2234,6.36,4.74,999.51,2019-01-01 16:24:00,3
2235,6.66,4.42,1036.10,2019-01-01 16:25:00,3
2236,5.83,4.65,1061.00,2019-01-01 16:26:00,3
2237,5.98,4.30,1051.41,2019-01-01 16:27:00,3
2238,6.18,4.76,1202.50,2019-01-01 16:28:00,3
2239,6.20,4.36,1311.49,2019-01-01 16:29:00,3
2240,6.38,4.57,1283.26,2019-01-01 16:30:00,3
2241,6.64,4.72,1226.29,2019-01-01 16:31:00,3
2242,6.67,4.57,1409.28,2019-01-01 16:32:00,3
2243,6.51,4.27,1119.93,2019-01-01 16:33:00,3
2244,6.67,4.49,1233.25,2019-01-01 16:34:00,3
2245,6.07,4.46,1106.36,2019-01-01 16:35:00,3
2246,6.24,4.69,1170.44,2019-01-01 16:36:00,3
2247,6.41,4.66,1293.17,2019-01-01 16:37:00,3
2248,5.79,4.42,1239.69,2019-01-01 16:38:00,3
2249,6.30,4.25,1185.29,2019-01-01 16:39:00,3